"Desease";"Año";"Resultado";"Mensaje"
"Accidente Ofídico";"2009";"Success";"Success Accidente Ofídico 2009 : 2  rows, 4  columns"
"Accidente Ofídico";"2010";"Success";"Success Accidente Ofídico 2010 : 2  rows, 4  columns"
"Accidente Ofídico";"2011";"Success";"Success Accidente Ofídico 2011 : 3  rows, 4  columns"
"Accidente Ofídico";"2012";"Success";"Success Accidente Ofídico 2012 : 3  rows, 4  columns"
"Accidente Ofídico";"2013";"Success";"Success Accidente Ofídico 2013 : 3  rows, 4  columns"
"Accidente Ofídico";"2014";"Success";"Success Accidente Ofídico 2014 : 2  rows, 4  columns"
"Accidente Ofídico";"2015";"Success";"Success Accidente Ofídico 2015 : 2  rows, 4  columns"
"Accidente Ofídico";"2016";"Success";"Success Accidente Ofídico 2016 : 3  rows, 4  columns"
"Accidente Ofídico";"2017";"Success";"Success Accidente Ofídico 2017 : 2  rows, 4  columns"
"Accidente Ofídico";"2018";"Success";"Success Accidente Ofídico 2018 : 2  rows, 4  columns"
"Accidente Ofídico";"2019";"Success";"Success Accidente Ofídico 2019 : 2  rows, 4  columns"
"Accidente Ofídico";"2020";"Success";"Success Accidente Ofídico 2020 : 2  rows, 4  columns"
"Accidente Ofídico";"2021";"Success";"Success Accidente Ofídico 2021 : 2  rows, 4  columns"
"Accidente Ofídico";"2022";"Success";"Success Accidente Ofídico 2022 : 2  rows, 4  columns"
"Agresiones Por Animales Potencialmente Transmisores De Rabia";"2012";"Success";"Success Agresiones Por Animales Potencialmente Transmisores De Rabia 2012 : 3  rows, 4  columns"
"Agresiones Por Animales Potencialmente Transmisores De Rabia";"2013";"Success";"Success Agresiones Por Animales Potencialmente Transmisores De Rabia 2013 : 3  rows, 4  columns"
"Agresiones Por Animales Potencialmente Transmisores De Rabia";"2014";"Success";"Success Agresiones Por Animales Potencialmente Transmisores De Rabia 2014 : 2  rows, 4  columns"
"Agresiones Por Animales Potencialmente Transmisores De Rabia";"2015";"Success";"Success Agresiones Por Animales Potencialmente Transmisores De Rabia 2015 : 3  rows, 4  columns"
"Agresiones Por Animales Potencialmente Transmisores De Rabia";"2016";"Success";"Success Agresiones Por Animales Potencialmente Transmisores De Rabia 2016 : 2  rows, 4  columns"
"Agresiones Por Animales Potencialmente Transmisores De Rabia";"2017";"Success";"Success Agresiones Por Animales Potencialmente Transmisores De Rabia 2017 : 3  rows, 4  columns"
"Agresiones Por Animales Potencialmente Transmisores De Rabia";"2018";"Success";"Success Agresiones Por Animales Potencialmente Transmisores De Rabia 2018 : 3  rows, 4  columns"
"Agresiones Por Animales Potencialmente Transmisores De Rabia";"2019";"Success";"Success Agresiones Por Animales Potencialmente Transmisores De Rabia 2019 : 2  rows, 4  columns"
"Agresiones Por Animales Potencialmente Transmisores De Rabia";"2020";"Success";"Success Agresiones Por Animales Potencialmente Transmisores De Rabia 2020 : 3  rows, 4  columns"
"Agresiones Por Animales Potencialmente Transmisores De Rabia";"2021";"Success";"Success Agresiones Por Animales Potencialmente Transmisores De Rabia 2021 : 3  rows, 4  columns"
"Agresiones Por Animales Potencialmente Transmisores De Rabia";"2022";"Success";"Success Agresiones Por Animales Potencialmente Transmisores De Rabia 2022 : 2  rows, 4  columns"
"Anomalías Congénitas";"2010";"Success";"Success Anomalías Congénitas 2010 : 2  rows, 4  columns"
"Anomalías Congénitas";"2011";"Success";"Success Anomalías Congénitas 2011 : 2  rows, 4  columns"
"Anomalías Congénitas";"2012";"Success";"Success Anomalías Congénitas 2012 : 4  rows, 4  columns"
"Anomalías Congénitas";"2013";"Success";"Success Anomalías Congénitas 2013 : 4  rows, 4  columns"
"Anomalías Congénitas";"2014";"Success";"Success Anomalías Congénitas 2014 : 3  rows, 4  columns"
"Anomalías Congénitas";"2015";"Success";"Success Anomalías Congénitas 2015 : 4  rows, 4  columns"
"Anomalías Congénitas";"2016";"Success";"Success Anomalías Congénitas 2016 : 3  rows, 4  columns"
"Anomalías Congénitas";"2017";"Success";"Success Anomalías Congénitas 2017 : 4  rows, 4  columns"
"Anomalías Congénitas";"2018";"Success";"Success Anomalías Congénitas 2018 : 4  rows, 4  columns"
"Anomalías Congénitas";"2019";"Success";"Success Anomalías Congénitas 2019 : 4  rows, 4  columns"
"Anomalías Congénitas";"2020";"Success";"Success Anomalías Congénitas 2020 : 4  rows, 4  columns"
"Anomalías Congénitas";"2021";"Success";"Success Anomalías Congénitas 2021 : 3  rows, 4  columns"
"Anomalías Congénitas";"2022";"Success";"Success Anomalías Congénitas 2022 : 4  rows, 4  columns"
"Bajo Peso Al Nacer";"2012";"Success";"Success Bajo Peso Al Nacer 2012 : 2  rows, 4  columns"
"Bajo Peso Al Nacer";"2013";"Success";"Success Bajo Peso Al Nacer 2013 : 2  rows, 4  columns"
"Bajo Peso Al Nacer";"2014";"Success";"Success Bajo Peso Al Nacer 2014 : 2  rows, 4  columns"
"Bajo Peso Al Nacer";"2015";"Success";"Success Bajo Peso Al Nacer 2015 : 2  rows, 4  columns"
"Bajo Peso Al Nacer";"2016";"Success";"Success Bajo Peso Al Nacer 2016 : 2  rows, 4  columns"
"Bajo Peso Al Nacer";"2017";"Success";"Success Bajo Peso Al Nacer 2017 : 2  rows, 4  columns"
"Bajo Peso Al Nacer";"2018";"Success";"Success Bajo Peso Al Nacer 2018 : 2  rows, 4  columns"
"Bajo Peso Al Nacer";"2019";"Success";"Success Bajo Peso Al Nacer 2019 : 2  rows, 4  columns"
"Bajo Peso Al Nacer";"2020";"Success";"Success Bajo Peso Al Nacer 2020 : 1  rows, 4  columns"
"Bajo Peso Al Nacer";"2021";"Success";"Success Bajo Peso Al Nacer 2021 : 2  rows, 4  columns"
"Bajo Peso Al Nacer";"2022";"Success";"Success Bajo Peso Al Nacer 2022 : 1  rows, 4  columns"
"Cáncer De La Mama Y Cuello Uterino";"2016";"Success";"Success Cáncer De La Mama Y Cuello Uterino 2016 : 2  rows, 4  columns"
"Cáncer De La Mama Y Cuello Uterino";"2017";"Success";"Success Cáncer De La Mama Y Cuello Uterino 2017 : 3  rows, 4  columns"
"Cáncer De La Mama Y Cuello Uterino";"2018";"Success";"Success Cáncer De La Mama Y Cuello Uterino 2018 : 3  rows, 4  columns"
"Cáncer De La Mama Y Cuello Uterino";"2019";"Success";"Success Cáncer De La Mama Y Cuello Uterino 2019 : 3  rows, 4  columns"
"Cáncer De La Mama Y Cuello Uterino";"2020";"Success";"Success Cáncer De La Mama Y Cuello Uterino 2020 : 2  rows, 4  columns"
"Cáncer De La Mama Y Cuello Uterino";"2021";"Success";"Success Cáncer De La Mama Y Cuello Uterino 2021 : 3  rows, 4  columns"
"Cáncer Infantil";"2014";"Success";"Success Cáncer Infantil 2014 : 2  rows, 4  columns"
"Cáncer Infantil";"2015";"Success";"Success Cáncer Infantil 2015 : 3  rows, 4  columns"
"Cáncer Infantil";"2016";"Success";"Success Cáncer Infantil 2016 : 3  rows, 4  columns"
"Cáncer Infantil";"2017";"Success";"Success Cáncer Infantil 2017 : 3  rows, 4  columns"
"Cáncer Infantil";"2018";"Success";"Success Cáncer Infantil 2018 : 3  rows, 4  columns"
"Cáncer Infantil";"2019";"Success";"Success Cáncer Infantil 2019 : 3  rows, 4  columns"
"Cáncer Infantil";"2020";"Success";"Success Cáncer Infantil 2020 : 3  rows, 4  columns"
"Cáncer Infantil";"2021";"Success";"Success Cáncer Infantil 2021 : 3  rows, 4  columns"
"Cáncer Infantil";"2022";"Success";"Success Cáncer Infantil 2022 : 3  rows, 4  columns"
"Chagas";"2012";"Success";"Success Chagas 2012 : 3  rows, 4  columns"
"Chagas";"2013";"Success";"Success Chagas 2013 : 3  rows, 4  columns"
"Chagas";"2014";"Success";"Success Chagas 2014 : 2  rows, 4  columns"
"Chagas";"2015";"Success";"Success Chagas 2015 : 2  rows, 4  columns"
"Chagas";"2016";"Success";"Success Chagas 2016 : 2  rows, 4  columns"
"Chagas";"2017";"Success";"Success Chagas 2017 : 2  rows, 4  columns"
"Chagas";"2018";"Success";"Success Chagas 2018 : 2  rows, 4  columns"
"Chagas";"2019";"Success";"Success Chagas 2019 : 2  rows, 4  columns"
"Chagas";"2020";"Success";"Success Chagas 2020 : 2  rows, 4  columns"
"Chagas";"2021";"Success";"Success Chagas 2021 : 2  rows, 4  columns"
"Chagas";"2022";"Success";"Success Chagas 2022 : 2  rows, 4  columns"
"Chikunguya";"2014";"Success";"Success Chikunguya 2014 : 2  rows, 4  columns"
"Chikunguya";"2015";"Success";"Success Chikunguya 2015 : 2  rows, 4  columns"
"Chikunguya";"2016";"Success";"Success Chikunguya 2016 : 2  rows, 4  columns"
"Chikunguya";"2017";"Success";"Success Chikunguya 2017 : 2  rows, 4  columns"
"Chikunguya";"2018";"Success";"Success Chikunguya 2018 : 2  rows, 4  columns"
"Chikunguya";"2019";"Success";"Success Chikunguya 2019 : 2  rows, 4  columns"
"Chikunguya";"2020";"Success";"Success Chikunguya 2020 : 2  rows, 4  columns"
"Chikunguya";"2021";"Success";"Success Chikunguya 2021 : 2  rows, 4  columns"
"Chikunguya";"2022";"Success";"Success Chikunguya 2022 : 2  rows, 4  columns"
"Dengue";"2007";"Error";"El parametro data_event no debe estar vacio"
"Dengue";"2008";"Error";"El parametro data_event no debe estar vacio"
"Dengue";"2009";"Success";"Success Dengue 2009 : 8  rows, 4  columns"
"Dengue";"2010";"Success";"Success Dengue 2010 : 6  rows, 4  columns"
"Dengue";"2011";"Success";"Success Dengue 2011 : 6  rows, 4  columns"
"Dengue";"2012";"Success";"Success Dengue 2012 : 6  rows, 4  columns"
"Dengue";"2013";"Success";"Success Dengue 2013 : 6  rows, 4  columns"
"Dengue";"2014";"Success";"Success Dengue 2014 : 6  rows, 4  columns"
"Dengue";"2015";"Success";"Success Dengue 2015 : 6  rows, 4  columns"
"Dengue";"2016";"Success";"Success Dengue 2016 : 6  rows, 4  columns"
"Dengue";"2017";"Success";"Success Dengue 2017 : 6  rows, 4  columns"
"Dengue";"2018";"Success";"Success Dengue 2018 : 6  rows, 4  columns"
"Dengue";"2019";"Success";"Success Dengue 2019 : 6  rows, 4  columns"
"Dengue";"2020";"Success";"Success Dengue 2020 : 6  rows, 4  columns"
"Dengue";"2021";"Success";"Success Dengue 2021 : 6  rows, 4  columns"
"Dengue";"2022";"Success";"Success Dengue 2022 : 6  rows, 4  columns"
"Dengue Grave";"2007";"Error";"El parametro data_event no debe estar vacio"
"Dengue Grave";"2011";"Success";"Success Dengue Grave 2011 : 2  rows, 4  columns"
"Dengue Grave";"2012";"Success";"Success Dengue Grave 2012 : 2  rows, 4  columns"
"Dengue Grave";"2013";"Success";"Success Dengue Grave 2013 : 3  rows, 4  columns"
"Dengue Grave";"2014";"Success";"Success Dengue Grave 2014 : 2  rows, 4  columns"
"Dengue Grave";"2015";"Success";"Success Dengue Grave 2015 : 2  rows, 4  columns"
"Dengue Grave";"2016";"Success";"Success Dengue Grave 2016 : 2  rows, 4  columns"
"Dengue Grave";"2017";"Success";"Success Dengue Grave 2017 : 2  rows, 4  columns"
"Dengue Grave";"2018";"Success";"Success Dengue Grave 2018 : 2  rows, 4  columns"
"Dengue Grave";"2019";"Success";"Success Dengue Grave 2019 : 2  rows, 4  columns"
"Dengue Grave";"2020";"Success";"Success Dengue Grave 2020 : 2  rows, 4  columns"
"Dengue Grave";"2021";"Success";"Success Dengue Grave 2021 : 2  rows, 4  columns"
"Dengue Grave";"2022";"Success";"Success Dengue Grave 2022 : 2  rows, 4  columns"
"Evento Adverso Grave Posterior A La Vacunación";"2009";"Success";"Success Evento Adverso Grave Posterior A La Vacunación 2009 : 2  rows, 4  columns"
"Evento Adverso Grave Posterior A La Vacunación";"2010";"Success";"Success Evento Adverso Grave Posterior A La Vacunación 2010 : 2  rows, 4  columns"
"Evento Adverso Grave Posterior A La Vacunación";"2011";"Success";"Success Evento Adverso Grave Posterior A La Vacunación 2011 : 3  rows, 4  columns"
"Evento Adverso Grave Posterior A La Vacunación";"2012";"Success";"Success Evento Adverso Grave Posterior A La Vacunación 2012 : 2  rows, 4  columns"
"Evento Adverso Grave Posterior A La Vacunación";"2013";"Success";"Success Evento Adverso Grave Posterior A La Vacunación 2013 : 2  rows, 4  columns"
"Evento Adverso Grave Posterior A La Vacunación";"2014";"Success";"Success Evento Adverso Grave Posterior A La Vacunación 2014 : 2  rows, 4  columns"
"Evento Adverso Grave Posterior A La Vacunación";"2015";"Success";"Success Evento Adverso Grave Posterior A La Vacunación 2015 : 2  rows, 4  columns"
"Evento Adverso Grave Posterior A La Vacunación";"2016";"Success";"Success Evento Adverso Grave Posterior A La Vacunación 2016 : 2  rows, 4  columns"
"Evento Adverso Grave Posterior A La Vacunación";"2017";"Success";"Success Evento Adverso Grave Posterior A La Vacunación 2017 : 2  rows, 4  columns"
"Evento Adverso Grave Posterior A La Vacunación";"2018";"Success";"Success Evento Adverso Grave Posterior A La Vacunación 2018 : 2  rows, 4  columns"
"Evento Adverso Grave Posterior A La Vacunación";"2019";"Success";"Success Evento Adverso Grave Posterior A La Vacunación 2019 : 2  rows, 4  columns"
"Evento Adverso Grave Posterior A La Vacunación";"2020";"Success";"Success Evento Adverso Grave Posterior A La Vacunación 2020 : 2  rows, 4  columns"
"Evento Adverso Grave Posterior A La Vacunación";"2021";"Success";"Success Evento Adverso Grave Posterior A La Vacunación 2021 : 2  rows, 4  columns"
"Evento Adverso Grave Posterior A La Vacunación";"2022";"Success";"Success Evento Adverso Grave Posterior A La Vacunación 2022 : 2  rows, 4  columns"
"Exposición A Flúor";"2012";"Success";"Success Exposición A Flúor 2012 : 1  rows, 4  columns"
"Exposición A Flúor";"2013";"Success";"Success Exposición A Flúor 2013 : 2  rows, 4  columns"
"Exposición A Flúor";"2014";"Success";"Success Exposición A Flúor 2014 : 3  rows, 4  columns"
"Exposición A Flúor";"2015";"Success";"Success Exposición A Flúor 2015 : 3  rows, 4  columns"
"Exposición A Flúor";"2016";"Success";"Success Exposición A Flúor 2016 : 3  rows, 4  columns"
"Exposición A Flúor";"2017";"Success";"Success Exposición A Flúor 2017 : 1  rows, 4  columns"
"Exposición A Flúor";"2018";"Success";"Success Exposición A Flúor 2018 : 2  rows, 4  columns"
"Exposición A Flúor";"2019";"Success";"Success Exposición A Flúor 2019 : 2  rows, 4  columns"
"Fiebre Amarilla";"2009";"Success";"Success Fiebre Amarilla 2009 : 2  rows, 4  columns"
"Fiebre Amarilla";"2013";"Success";"Success Fiebre Amarilla 2013 : 1  rows, 4  columns"
"Fiebre Amarilla";"2016";"Success";"Success Fiebre Amarilla 2016 : 1  rows, 4  columns"
"Fiebre Amarilla";"2018";"Success";"Success Fiebre Amarilla 2018 : 1  rows, 4  columns"
"Fiebre Tifoidea Y Paratifoidea";"2009";"Success";"Success Fiebre Tifoidea Y Paratifoidea 2009 : 2  rows, 4  columns"
"Fiebre Tifoidea Y Paratifoidea";"2010";"Success";"Success Fiebre Tifoidea Y Paratifoidea 2010 : 2  rows, 4  columns"
"Fiebre Tifoidea Y Paratifoidea";"2011";"Success";"Success Fiebre Tifoidea Y Paratifoidea 2011 : 3  rows, 4  columns"
"Fiebre Tifoidea Y Paratifoidea";"2012";"Success";"Success Fiebre Tifoidea Y Paratifoidea 2012 : 3  rows, 4  columns"
"Fiebre Tifoidea Y Paratifoidea";"2013";"Success";"Success Fiebre Tifoidea Y Paratifoidea 2013 : 2  rows, 4  columns"
"Fiebre Tifoidea Y Paratifoidea";"2014";"Success";"Success Fiebre Tifoidea Y Paratifoidea 2014 : 2  rows, 4  columns"
"Fiebre Tifoidea Y Paratifoidea";"2015";"Success";"Success Fiebre Tifoidea Y Paratifoidea 2015 : 2  rows, 4  columns"
"Fiebre Tifoidea Y Paratifoidea";"2016";"Success";"Success Fiebre Tifoidea Y Paratifoidea 2016 : 2  rows, 4  columns"
"Fiebre Tifoidea Y Paratifoidea";"2017";"Success";"Success Fiebre Tifoidea Y Paratifoidea 2017 : 2  rows, 4  columns"
"Fiebre Tifoidea Y Paratifoidea";"2018";"Success";"Success Fiebre Tifoidea Y Paratifoidea 2018 : 2  rows, 4  columns"
"Fiebre Tifoidea Y Paratifoidea";"2019";"Success";"Success Fiebre Tifoidea Y Paratifoidea 2019 : 2  rows, 4  columns"
"Fiebre Tifoidea Y Paratifoidea";"2020";"Success";"Success Fiebre Tifoidea Y Paratifoidea 2020 : 2  rows, 4  columns"
"Fiebre Tifoidea Y Paratifoidea";"2021";"Success";"Success Fiebre Tifoidea Y Paratifoidea 2021 : 2  rows, 4  columns"
"Fiebre Tifoidea Y Paratifoidea";"2022";"Success";"Success Fiebre Tifoidea Y Paratifoidea 2022 : 2  rows, 4  columns"
"Hepatitis A";"2007";"Error";"HTTP 404 Not Found."
"Hepatitis A";"2008";"Error";"HTTP 404 Not Found."
"Hepatitis A";"2009";"Error";"HTTP 404 Not Found."
"Hepatitis A";"2011";"Error";"HTTP 404 Not Found."
"Hepatitis A";"2012";"Error";"HTTP 404 Not Found."
"Hepatitis A";"2014";"Success";"Success Hepatitis A 2014 : 6  rows, 4  columns"
"Hepatitis A";"2015";"Success";"Success Hepatitis A 2015 : 6  rows, 4  columns"
"Hepatitis A";"2016";"Success";"Success Hepatitis A 2016 : 6  rows, 4  columns"
"Hepatitis A";"2017";"Success";"Success Hepatitis A 2017 : 6  rows, 4  columns"
"Hepatitis A";"2018";"Success";"Success Hepatitis A 2018 : 6  rows, 4  columns"
"Hepatitis A";"2019";"Success";"Success Hepatitis A 2019 : 6  rows, 4  columns"
"Hepatitis A";"2020";"Success";"Success Hepatitis A 2020 : 6  rows, 4  columns"
"Hepatitis A";"2021";"Success";"Success Hepatitis A 2021 : 6  rows, 4  columns"
"Hepatitis A";"2022";"Success";"Success Hepatitis A 2022 : 6  rows, 4  columns"
"Hepatitis B, C Y Coinfección Hepatitis B Y Delta";"2009";"Success";"Success Hepatitis B, C Y Coinfección Hepatitis B Y Delta 2009 : 1  rows, 4  columns"
"Hepatitis B, C Y Coinfección Hepatitis B Y Delta";"2010";"Success";"Success Hepatitis B, C Y Coinfección Hepatitis B Y Delta 2010 : 3  rows, 4  columns"
"Hepatitis B, C Y Coinfección Hepatitis B Y Delta";"2011";"Success";"Success Hepatitis B, C Y Coinfección Hepatitis B Y Delta 2011 : 3  rows, 4  columns"
"Hepatitis B, C Y Coinfección Hepatitis B Y Delta";"2012";"Success";"Success Hepatitis B, C Y Coinfección Hepatitis B Y Delta 2012 : 3  rows, 4  columns"
"Hepatitis B, C Y Coinfección Hepatitis B Y Delta";"2013";"Success";"Success Hepatitis B, C Y Coinfección Hepatitis B Y Delta 2013 : 3  rows, 4  columns"
"Hepatitis B, C Y Coinfección Hepatitis B Y Delta";"2014";"Success";"Success Hepatitis B, C Y Coinfección Hepatitis B Y Delta 2014 : 3  rows, 4  columns"
"Hepatitis B, C Y Coinfección Hepatitis B Y Delta";"2015";"Success";"Success Hepatitis B, C Y Coinfección Hepatitis B Y Delta 2015 : 3  rows, 4  columns"
"Hepatitis B, C Y Coinfección Hepatitis B Y Delta";"2016";"Success";"Success Hepatitis B, C Y Coinfección Hepatitis B Y Delta 2016 : 3  rows, 4  columns"
"Hepatitis B, C Y Coinfección Hepatitis B Y Delta";"2017";"Success";"Success Hepatitis B, C Y Coinfección Hepatitis B Y Delta 2017 : 3  rows, 4  columns"
"Hepatitis B, C Y Coinfección Hepatitis B Y Delta";"2018";"Success";"Success Hepatitis B, C Y Coinfección Hepatitis B Y Delta 2018 : 3  rows, 4  columns"
"Hepatitis B, C Y Coinfección Hepatitis B Y Delta";"2019";"Success";"Success Hepatitis B, C Y Coinfección Hepatitis B Y Delta 2019 : 3  rows, 4  columns"
"Hepatitis B, C Y Coinfección Hepatitis B Y Delta";"2020";"Success";"Success Hepatitis B, C Y Coinfección Hepatitis B Y Delta 2020 : 3  rows, 4  columns"
"Hepatitis B, C Y Coinfección Hepatitis B Y Delta";"2021";"Success";"Success Hepatitis B, C Y Coinfección Hepatitis B Y Delta 2021 : 3  rows, 4  columns"
"Hepatitis B, C Y Coinfección Hepatitis B Y Delta";"2022";"Success";"Success Hepatitis B, C Y Coinfección Hepatitis B Y Delta 2022 : 3  rows, 4  columns"
"Hepatitis C";"2014";"Success";"Success Hepatitis C 2014 : 6  rows, 4  columns"
"Hepatitis C";"2015";"Success";"Success Hepatitis C 2015 : 6  rows, 4  columns"
"Hepatitis C";"2016";"Success";"Success Hepatitis C 2016 : 6  rows, 4  columns"
"Hepatitis C";"2017";"Success";"Success Hepatitis C 2017 : 6  rows, 4  columns"
"Hepatitis C";"2018";"Success";"Success Hepatitis C 2018 : 6  rows, 4  columns"
"Hepatitis C";"2019";"Success";"Success Hepatitis C 2019 : 6  rows, 4  columns"
"Hepatitis C";"2020";"Success";"Success Hepatitis C 2020 : 6  rows, 4  columns"
"Hepatitis C";"2021";"Success";"Success Hepatitis C 2021 : 6  rows, 4  columns"
"Hepatitis C";"2022";"Success";"Success Hepatitis C 2022 : 6  rows, 4  columns"
"Hipotiroidismo Congénito";"2009";"Success";"Success Hipotiroidismo Congénito 2009 : 2  rows, 4  columns"
"Hipotiroidismo Congénito";"2010";"Success";"Success Hipotiroidismo Congénito 2010 : 2  rows, 4  columns"
"Hipotiroidismo Congénito";"2011";"Success";"Success Hipotiroidismo Congénito 2011 : 3  rows, 4  columns"
"Hipotiroidismo Congénito";"2012";"Success";"Success Hipotiroidismo Congénito 2012 : 3  rows, 4  columns"
"Hipotiroidismo Congénito";"2013";"Success";"Success Hipotiroidismo Congénito 2013 : 3  rows, 4  columns"
"Hipotiroidismo Congénito";"2014";"Success";"Success Hipotiroidismo Congénito 2014 : 2  rows, 4  columns"
"Hipotiroidismo Congénito";"2015";"Success";"Success Hipotiroidismo Congénito 2015 : 3  rows, 4  columns"
"Hipotiroidismo Congénito";"2016";"Success";"Success Hipotiroidismo Congénito 2016 : 2  rows, 4  columns"
"Hipotiroidismo Congénito";"2017";"Success";"Success Hipotiroidismo Congénito 2017 : 3  rows, 4  columns"
"Hipotiroidismo Congénito";"2018";"Success";"Success Hipotiroidismo Congénito 2018 : 3  rows, 4  columns"
"Hipotiroidismo Congénito";"2019";"Success";"Success Hipotiroidismo Congénito 2019 : 3  rows, 4  columns"
"Hipotiroidismo Congénito";"2020";"Success";"Success Hipotiroidismo Congénito 2020 : 3  rows, 4  columns"
"Hipotiroidismo Congénito";"2021";"Success";"Success Hipotiroidismo Congénito 2021 : 2  rows, 4  columns"
"Hipotiroidismo Congénito";"2022";"Success";"Success Hipotiroidismo Congénito 2022 : 3  rows, 4  columns"
"Infección Respiratoria Aguda Grave Irag Inusitada";"2009";"Success";"Success Infección Respiratoria Aguda Grave Irag Inusitada 2009 : 2  rows, 4  columns"
"Infección Respiratoria Aguda Grave Irag Inusitada";"2010";"Success";"Success Infección Respiratoria Aguda Grave Irag Inusitada 2010 : 3  rows, 4  columns"
"Infección Respiratoria Aguda Grave Irag Inusitada";"2011";"Success";"Success Infección Respiratoria Aguda Grave Irag Inusitada 2011 : 3  rows, 4  columns"
"Infección Respiratoria Aguda Grave Irag Inusitada";"2012";"Success";"Success Infección Respiratoria Aguda Grave Irag Inusitada 2012 : 3  rows, 4  columns"
"Infección Respiratoria Aguda Grave Irag Inusitada";"2013";"Success";"Success Infección Respiratoria Aguda Grave Irag Inusitada 2013 : 2  rows, 4  columns"
"Infección Respiratoria Aguda Grave Irag Inusitada";"2014";"Success";"Success Infección Respiratoria Aguda Grave Irag Inusitada 2014 : 2  rows, 4  columns"
"Infección Respiratoria Aguda Grave Irag Inusitada";"2015";"Success";"Success Infección Respiratoria Aguda Grave Irag Inusitada 2015 : 2  rows, 4  columns"
"Infección Respiratoria Aguda Grave Irag Inusitada";"2016";"Success";"Success Infección Respiratoria Aguda Grave Irag Inusitada 2016 : 2  rows, 4  columns"
"Infección Respiratoria Aguda Grave Irag Inusitada";"2017";"Success";"Success Infección Respiratoria Aguda Grave Irag Inusitada 2017 : 2  rows, 4  columns"
"Infección Respiratoria Aguda Grave Irag Inusitada";"2018";"Success";"Success Infección Respiratoria Aguda Grave Irag Inusitada 2018 : 2  rows, 4  columns"
"Infección Respiratoria Aguda Grave Irag Inusitada";"2019";"Success";"Success Infección Respiratoria Aguda Grave Irag Inusitada 2019 : 2  rows, 4  columns"
"Infección Respiratoria Aguda Grave Irag Inusitada";"2020";"Success";"Success Infección Respiratoria Aguda Grave Irag Inusitada 2020 : 2  rows, 4  columns"
"Infección Respiratoria Aguda Grave Irag Inusitada";"2021";"Success";"Success Infección Respiratoria Aguda Grave Irag Inusitada 2021 : 2  rows, 4  columns"
"Infección Respiratoria Aguda Grave Irag Inusitada";"2022";"Success";"Success Infección Respiratoria Aguda Grave Irag Inusitada 2022 : 2  rows, 4  columns"
"Intoxicación Por Gases";"2010";"Success";"Success Intoxicación Por Gases 2010 : 2  rows, 4  columns"
"Intoxicación Por Gases";"2011";"Success";"Success Intoxicación Por Gases 2011 : 2  rows, 4  columns"
"Intoxicación Por Gases";"2012";"Success";"Success Intoxicación Por Gases 2012 : 2  rows, 4  columns"
"Intoxicación Por Gases";"2013";"Success";"Success Intoxicación Por Gases 2013 : 2  rows, 4  columns"
"Intoxicación Por Gases";"2014";"Success";"Success Intoxicación Por Gases 2014 : 2  rows, 4  columns"
"Intoxicación Por Gases";"2015";"Success";"Success Intoxicación Por Gases 2015 : 2  rows, 4  columns"
"Intoxicación Por Gases";"2016";"Success";"Success Intoxicación Por Gases 2016 : 2  rows, 4  columns"
"Intoxicación Por Gases";"2017";"Success";"Success Intoxicación Por Gases 2017 : 2  rows, 4  columns"
"Intoxicación Por Gases";"2018";"Success";"Success Intoxicación Por Gases 2018 : 3  rows, 4  columns"
"Intoxicación Por Gases";"2019";"Success";"Success Intoxicación Por Gases 2019 : 3  rows, 4  columns"
"Intoxicación Por Gases";"2020";"Success";"Success Intoxicación Por Gases 2020 : 3  rows, 4  columns"
"Intoxicación Por Gases";"2021";"Success";"Success Intoxicación Por Gases 2021 : 2  rows, 4  columns"
"Intoxicación Por Gases";"2022";"Success";"Success Intoxicación Por Gases 2022 : 2  rows, 4  columns"
"Intoxicación Por Medicamentos";"2009";"Success";"Success Intoxicación Por Medicamentos 2009 : 2  rows, 4  columns"
"Intoxicación Por Medicamentos";"2010";"Success";"Success Intoxicación Por Medicamentos 2010 : 2  rows, 4  columns"
"Intoxicación Por Medicamentos";"2011";"Success";"Success Intoxicación Por Medicamentos 2011 : 4  rows, 4  columns"
"Intoxicación Por Medicamentos";"2012";"Success";"Success Intoxicación Por Medicamentos 2012 : 2  rows, 4  columns"
"Intoxicación Por Medicamentos";"2013";"Success";"Success Intoxicación Por Medicamentos 2013 : 3  rows, 4  columns"
"Intoxicación Por Medicamentos";"2014";"Success";"Success Intoxicación Por Medicamentos 2014 : 2  rows, 4  columns"
"Intoxicación Por Medicamentos";"2015";"Success";"Success Intoxicación Por Medicamentos 2015 : 2  rows, 4  columns"
"Intoxicación Por Medicamentos";"2016";"Success";"Success Intoxicación Por Medicamentos 2016 : 2  rows, 4  columns"
"Intoxicación Por Medicamentos";"2017";"Success";"Success Intoxicación Por Medicamentos 2017 : 2  rows, 4  columns"
"Intoxicación Por Medicamentos";"2018";"Success";"Success Intoxicación Por Medicamentos 2018 : 3  rows, 4  columns"
"Intoxicación Por Medicamentos";"2019";"Success";"Success Intoxicación Por Medicamentos 2019 : 3  rows, 4  columns"
"Intoxicación Por Medicamentos";"2020";"Success";"Success Intoxicación Por Medicamentos 2020 : 3  rows, 4  columns"
"Intoxicación Por Medicamentos";"2021";"Success";"Success Intoxicación Por Medicamentos 2021 : 2  rows, 4  columns"
"Intoxicación Por Medicamentos";"2022";"Success";"Success Intoxicación Por Medicamentos 2022 : 2  rows, 4  columns"
"Intoxicación Por Metales Pesados";"2009";"Success";"Success Intoxicación Por Metales Pesados 2009 : 2  rows, 4  columns"
"Intoxicación Por Metales Pesados";"2010";"Success";"Success Intoxicación Por Metales Pesados 2010 : 2  rows, 4  columns"
"Intoxicación Por Metales Pesados";"2011";"Success";"Success Intoxicación Por Metales Pesados 2011 : 2  rows, 4  columns"
"Intoxicación Por Metales Pesados";"2012";"Success";"Success Intoxicación Por Metales Pesados 2012 : 2  rows, 4  columns"
"Intoxicación Por Metales Pesados";"2013";"Success";"Success Intoxicación Por Metales Pesados 2013 : 2  rows, 4  columns"
"Intoxicación Por Metales Pesados";"2014";"Success";"Success Intoxicación Por Metales Pesados 2014 : 2  rows, 4  columns"
"Intoxicación Por Metales Pesados";"2015";"Success";"Success Intoxicación Por Metales Pesados 2015 : 2  rows, 4  columns"
"Intoxicación Por Metales Pesados";"2016";"Success";"Success Intoxicación Por Metales Pesados 2016 : 3  rows, 4  columns"
"Intoxicación Por Metales Pesados";"2017";"Success";"Success Intoxicación Por Metales Pesados 2017 : 2  rows, 4  columns"
"Intoxicación Por Metales Pesados";"2018";"Success";"Success Intoxicación Por Metales Pesados 2018 : 3  rows, 4  columns"
"Intoxicación Por Metales Pesados";"2019";"Success";"Success Intoxicación Por Metales Pesados 2019 : 3  rows, 4  columns"
"Intoxicación Por Metales Pesados";"2020";"Success";"Success Intoxicación Por Metales Pesados 2020 : 3  rows, 4  columns"
"Intoxicación Por Metales Pesados";"2021";"Success";"Success Intoxicación Por Metales Pesados 2021 : 2  rows, 4  columns"
"Intoxicación Por Metales Pesados";"2022";"Success";"Success Intoxicación Por Metales Pesados 2022 : 2  rows, 4  columns"
"Intoxicación Por Metanol";"2009";"Success";"Success Intoxicación Por Metanol 2009 : 2  rows, 4  columns"
"Intoxicación Por Metanol";"2010";"Success";"Success Intoxicación Por Metanol 2010 : 2  rows, 4  columns"
"Intoxicación Por Metanol";"2011";"Success";"Success Intoxicación Por Metanol 2011 : 2  rows, 4  columns"
"Intoxicación Por Metanol";"2012";"Success";"Success Intoxicación Por Metanol 2012 : 2  rows, 4  columns"
"Intoxicación Por Metanol";"2013";"Success";"Success Intoxicación Por Metanol 2013 : 3  rows, 4  columns"
"Intoxicación Por Metanol";"2014";"Success";"Success Intoxicación Por Metanol 2014 : 2  rows, 4  columns"
"Intoxicación Por Metanol";"2015";"Success";"Success Intoxicación Por Metanol 2015 : 2  rows, 4  columns"
"Intoxicación Por Metanol";"2016";"Success";"Success Intoxicación Por Metanol 2016 : 2  rows, 4  columns"
"Intoxicación Por Metanol";"2017";"Success";"Success Intoxicación Por Metanol 2017 : 2  rows, 4  columns"
"Intoxicación Por Metanol";"2018";"Success";"Success Intoxicación Por Metanol 2018 : 3  rows, 4  columns"
"Intoxicación Por Metanol";"2019";"Success";"Success Intoxicación Por Metanol 2019 : 2  rows, 4  columns"
"Intoxicación Por Metanol";"2020";"Success";"Success Intoxicación Por Metanol 2020 : 2  rows, 4  columns"
"Intoxicación Por Metanol";"2021";"Success";"Success Intoxicación Por Metanol 2021 : 2  rows, 4  columns"
"Intoxicación Por Metanol";"2022";"Success";"Success Intoxicación Por Metanol 2022 : 2  rows, 4  columns"
"Intoxicación Por Otras Sustancias Químicas";"2012";"Success";"Success Intoxicación Por Otras Sustancias Químicas 2012 : 2  rows, 4  columns"
"Intoxicación Por Otras Sustancias Químicas";"2013";"Success";"Success Intoxicación Por Otras Sustancias Químicas 2013 : 3  rows, 4  columns"
"Intoxicación Por Otras Sustancias Químicas";"2014";"Success";"Success Intoxicación Por Otras Sustancias Químicas 2014 : 2  rows, 4  columns"
"Intoxicación Por Otras Sustancias Químicas";"2015";"Success";"Success Intoxicación Por Otras Sustancias Químicas 2015 : 2  rows, 4  columns"
"Intoxicación Por Otras Sustancias Químicas";"2016";"Success";"Success Intoxicación Por Otras Sustancias Químicas 2016 : 2  rows, 4  columns"
"Intoxicación Por Otras Sustancias Químicas";"2017";"Success";"Success Intoxicación Por Otras Sustancias Químicas 2017 : 2  rows, 4  columns"
"Intoxicación Por Otras Sustancias Químicas";"2018";"Success";"Success Intoxicación Por Otras Sustancias Químicas 2018 : 3  rows, 4  columns"
"Intoxicación Por Otras Sustancias Químicas";"2019";"Success";"Success Intoxicación Por Otras Sustancias Químicas 2019 : 3  rows, 4  columns"
"Intoxicación Por Otras Sustancias Químicas";"2020";"Success";"Success Intoxicación Por Otras Sustancias Químicas 2020 : 3  rows, 4  columns"
"Intoxicación Por Otras Sustancias Químicas";"2021";"Success";"Success Intoxicación Por Otras Sustancias Químicas 2021 : 2  rows, 4  columns"
"Intoxicación Por Otras Sustancias Químicas";"2022";"Success";"Success Intoxicación Por Otras Sustancias Químicas 2022 : 2  rows, 4  columns"
"Intoxicación Por Plaguicidas";"2007";"Error";"El parametro data_event no debe estar vacio"
"Intoxicación Por Plaguicidas";"2009";"Success";"Success Intoxicación Por Plaguicidas 2009 : 2  rows, 4  columns"
"Intoxicación Por Plaguicidas";"2010";"Success";"Success Intoxicación Por Plaguicidas 2010 : 3  rows, 4  columns"
"Intoxicación Por Plaguicidas";"2011";"Success";"Success Intoxicación Por Plaguicidas 2011 : 3  rows, 4  columns"
"Intoxicación Por Plaguicidas";"2012";"Success";"Success Intoxicación Por Plaguicidas 2012 : 2  rows, 4  columns"
"Intoxicación Por Plaguicidas";"2013";"Success";"Success Intoxicación Por Plaguicidas 2013 : 3  rows, 4  columns"
"Intoxicación Por Plaguicidas";"2014";"Success";"Success Intoxicación Por Plaguicidas 2014 : 2  rows, 4  columns"
"Intoxicación Por Plaguicidas";"2015";"Success";"Success Intoxicación Por Plaguicidas 2015 : 2  rows, 4  columns"
"Intoxicación Por Plaguicidas";"2016";"Success";"Success Intoxicación Por Plaguicidas 2016 : 2  rows, 4  columns"
"Intoxicación Por Plaguicidas";"2017";"Success";"Success Intoxicación Por Plaguicidas 2017 : 2  rows, 4  columns"
"Intoxicación Por Plaguicidas";"2018";"Success";"Success Intoxicación Por Plaguicidas 2018 : 3  rows, 4  columns"
"Intoxicación Por Plaguicidas";"2019";"Success";"Success Intoxicación Por Plaguicidas 2019 : 3  rows, 4  columns"
"Intoxicación Por Plaguicidas";"2020";"Success";"Success Intoxicación Por Plaguicidas 2020 : 3  rows, 4  columns"
"Intoxicación Por Plaguicidas";"2021";"Success";"Success Intoxicación Por Plaguicidas 2021 : 2  rows, 4  columns"
"Intoxicación Por Plaguicidas";"2022";"Success";"Success Intoxicación Por Plaguicidas 2022 : 2  rows, 4  columns"
"Intoxicación Por Solventes";"2009";"Success";"Success Intoxicación Por Solventes 2009 : 2  rows, 4  columns"
"Intoxicación Por Solventes";"2010";"Success";"Success Intoxicación Por Solventes 2010 : 2  rows, 4  columns"
"Intoxicación Por Solventes";"2011";"Success";"Success Intoxicación Por Solventes 2011 : 2  rows, 4  columns"
"Intoxicación Por Solventes";"2012";"Success";"Success Intoxicación Por Solventes 2012 : 2  rows, 4  columns"
"Intoxicación Por Solventes";"2013";"Success";"Success Intoxicación Por Solventes 2013 : 3  rows, 4  columns"
"Intoxicación Por Solventes";"2014";"Success";"Success Intoxicación Por Solventes 2014 : 2  rows, 4  columns"
"Intoxicación Por Solventes";"2015";"Success";"Success Intoxicación Por Solventes 2015 : 2  rows, 4  columns"
"Intoxicación Por Solventes";"2016";"Success";"Success Intoxicación Por Solventes 2016 : 2  rows, 4  columns"
"Intoxicación Por Solventes";"2017";"Success";"Success Intoxicación Por Solventes 2017 : 2  rows, 4  columns"
"Intoxicación Por Solventes";"2018";"Success";"Success Intoxicación Por Solventes 2018 : 3  rows, 4  columns"
"Intoxicación Por Solventes";"2019";"Success";"Success Intoxicación Por Solventes 2019 : 3  rows, 4  columns"
"Intoxicación Por Solventes";"2020";"Success";"Success Intoxicación Por Solventes 2020 : 3  rows, 4  columns"
"Intoxicación Por Solventes";"2021";"Success";"Success Intoxicación Por Solventes 2021 : 2  rows, 4  columns"
"Intoxicación Por Solventes";"2022";"Success";"Success Intoxicación Por Solventes 2022 : 2  rows, 4  columns"
"Intoxicación Por Sustancias Psicoactivas";"2010";"Success";"Success Intoxicación Por Sustancias Psicoactivas 2010 : 2  rows, 4  columns"
"Intoxicación Por Sustancias Psicoactivas";"2011";"Success";"Success Intoxicación Por Sustancias Psicoactivas 2011 : 2  rows, 4  columns"
"Intoxicación Por Sustancias Psicoactivas";"2012";"Success";"Success Intoxicación Por Sustancias Psicoactivas 2012 : 2  rows, 4  columns"
"Intoxicación Por Sustancias Psicoactivas";"2013";"Success";"Success Intoxicación Por Sustancias Psicoactivas 2013 : 3  rows, 4  columns"
"Intoxicación Por Sustancias Psicoactivas";"2014";"Success";"Success Intoxicación Por Sustancias Psicoactivas 2014 : 2  rows, 4  columns"
"Intoxicación Por Sustancias Psicoactivas";"2015";"Success";"Success Intoxicación Por Sustancias Psicoactivas 2015 : 2  rows, 4  columns"
"Intoxicación Por Sustancias Psicoactivas";"2016";"Success";"Success Intoxicación Por Sustancias Psicoactivas 2016 : 2  rows, 4  columns"
"Intoxicación Por Sustancias Psicoactivas";"2017";"Success";"Success Intoxicación Por Sustancias Psicoactivas 2017 : 2  rows, 4  columns"
"Intoxicación Por Sustancias Psicoactivas";"2018";"Success";"Success Intoxicación Por Sustancias Psicoactivas 2018 : 3  rows, 4  columns"
"Intoxicación Por Sustancias Psicoactivas";"2019";"Success";"Success Intoxicación Por Sustancias Psicoactivas 2019 : 3  rows, 4  columns"
"Intoxicación Por Sustancias Psicoactivas";"2020";"Success";"Success Intoxicación Por Sustancias Psicoactivas 2020 : 3  rows, 4  columns"
"Intoxicación Por Sustancias Psicoactivas";"2021";"Success";"Success Intoxicación Por Sustancias Psicoactivas 2021 : 2  rows, 4  columns"
"Intoxicación Por Sustancias Psicoactivas";"2022";"Success";"Success Intoxicación Por Sustancias Psicoactivas 2022 : 2  rows, 4  columns"
"Leishmaniasis Cutánea";"2011";"Success";"Success Leishmaniasis Cutánea 2011 : 3  rows, 4  columns"
"Leishmaniasis Cutánea";"2012";"Success";"Success Leishmaniasis Cutánea 2012 : 3  rows, 4  columns"
"Leishmaniasis Cutánea";"2013";"Success";"Success Leishmaniasis Cutánea 2013 : 3  rows, 4  columns"
"Leishmaniasis Cutánea";"2014";"Success";"Success Leishmaniasis Cutánea 2014 : 2  rows, 4  columns"
"Leishmaniasis Cutánea";"2015";"Success";"Success Leishmaniasis Cutánea 2015 : 2  rows, 4  columns"
"Leishmaniasis Cutánea";"2016";"Success";"Success Leishmaniasis Cutánea 2016 : 2  rows, 4  columns"
"Leishmaniasis Cutánea";"2017";"Success";"Success Leishmaniasis Cutánea 2017 : 2  rows, 4  columns"
"Leishmaniasis Cutánea";"2018";"Success";"Success Leishmaniasis Cutánea 2018 : 2  rows, 4  columns"
"Leishmaniasis Cutánea";"2019";"Success";"Success Leishmaniasis Cutánea 2019 : 2  rows, 4  columns"
"Leishmaniasis Cutánea";"2020";"Success";"Success Leishmaniasis Cutánea 2020 : 2  rows, 4  columns"
"Leishmaniasis Cutánea";"2021";"Success";"Success Leishmaniasis Cutánea 2021 : 2  rows, 4  columns"
"Leishmaniasis Cutánea";"2022";"Success";"Success Leishmaniasis Cutánea 2022 : 2  rows, 4  columns"
"Leishmaniasis Mucosa";"2009";"Success";"Success Leishmaniasis Mucosa 2009 : 2  rows, 4  columns"
"Leishmaniasis Mucosa";"2010";"Success";"Success Leishmaniasis Mucosa 2010 : 2  rows, 4  columns"
"Leishmaniasis Mucosa";"2011";"Success";"Success Leishmaniasis Mucosa 2011 : 2  rows, 4  columns"
"Leishmaniasis Mucosa";"2012";"Success";"Success Leishmaniasis Mucosa 2012 : 3  rows, 4  columns"
"Leishmaniasis Mucosa";"2013";"Success";"Success Leishmaniasis Mucosa 2013 : 2  rows, 4  columns"
"Leishmaniasis Mucosa";"2014";"Success";"Success Leishmaniasis Mucosa 2014 : 2  rows, 4  columns"
"Leishmaniasis Mucosa";"2015";"Success";"Success Leishmaniasis Mucosa 2015 : 2  rows, 4  columns"
"Leishmaniasis Mucosa";"2016";"Success";"Success Leishmaniasis Mucosa 2016 : 2  rows, 4  columns"
"Leishmaniasis Mucosa";"2017";"Success";"Success Leishmaniasis Mucosa 2017 : 2  rows, 4  columns"
"Leishmaniasis Mucosa";"2018";"Success";"Success Leishmaniasis Mucosa 2018 : 2  rows, 4  columns"
"Leishmaniasis Mucosa";"2019";"Success";"Success Leishmaniasis Mucosa 2019 : 2  rows, 4  columns"
"Leishmaniasis Mucosa";"2020";"Success";"Success Leishmaniasis Mucosa 2020 : 2  rows, 4  columns"
"Leishmaniasis Mucosa";"2021";"Success";"Success Leishmaniasis Mucosa 2021 : 2  rows, 4  columns"
"Leishmaniasis Mucosa";"2022";"Success";"Success Leishmaniasis Mucosa 2022 : 2  rows, 4  columns"
"Leishmaniasis Visceral";"2009";"Success";"Success Leishmaniasis Visceral 2009 : 2  rows, 4  columns"
"Leishmaniasis Visceral";"2010";"Success";"Success Leishmaniasis Visceral 2010 : 2  rows, 4  columns"
"Leishmaniasis Visceral";"2011";"Success";"Success Leishmaniasis Visceral 2011 : 2  rows, 4  columns"
"Leishmaniasis Visceral";"2012";"Success";"Success Leishmaniasis Visceral 2012 : 2  rows, 4  columns"
"Leishmaniasis Visceral";"2013";"Success";"Success Leishmaniasis Visceral 2013 : 2  rows, 4  columns"
"Leishmaniasis Visceral";"2014";"Success";"Success Leishmaniasis Visceral 2014 : 2  rows, 4  columns"
"Leishmaniasis Visceral";"2015";"Success";"Success Leishmaniasis Visceral 2015 : 2  rows, 4  columns"
"Leishmaniasis Visceral";"2016";"Success";"Success Leishmaniasis Visceral 2016 : 2  rows, 4  columns"
"Leishmaniasis Visceral";"2017";"Success";"Success Leishmaniasis Visceral 2017 : 2  rows, 4  columns"
"Leishmaniasis Visceral";"2018";"Success";"Success Leishmaniasis Visceral 2018 : 2  rows, 4  columns"
"Leishmaniasis Visceral";"2019";"Success";"Success Leishmaniasis Visceral 2019 : 2  rows, 4  columns"
"Leishmaniasis Visceral";"2020";"Success";"Success Leishmaniasis Visceral 2020 : 2  rows, 4  columns"
"Leishmaniasis Visceral";"2021";"Success";"Success Leishmaniasis Visceral 2021 : 2  rows, 4  columns"
"Leishmaniasis Visceral";"2022";"Success";"Success Leishmaniasis Visceral 2022 : 2  rows, 4  columns"
"Lepra";"2009";"Success";"Success Lepra 2009 : 2  rows, 4  columns"
"Lepra";"2010";"Success";"Success Lepra 2010 : 2  rows, 4  columns"
"Lepra";"2011";"Success";"Success Lepra 2011 : 3  rows, 4  columns"
"Lepra";"2012";"Success";"Success Lepra 2012 : 3  rows, 4  columns"
"Lepra";"2013";"Success";"Success Lepra 2013 : 3  rows, 4  columns"
"Lepra";"2014";"Success";"Success Lepra 2014 : 2  rows, 4  columns"
"Lepra";"2015";"Success";"Success Lepra 2015 : 2  rows, 4  columns"
"Lepra";"2016";"Success";"Success Lepra 2016 : 2  rows, 4  columns"
"Lepra";"2017";"Success";"Success Lepra 2017 : 2  rows, 4  columns"
"Lepra";"2018";"Success";"Success Lepra 2018 : 3  rows, 4  columns"
"Lepra";"2019";"Success";"Success Lepra 2019 : 2  rows, 4  columns"
"Lepra";"2020";"Success";"Success Lepra 2020 : 2  rows, 4  columns"
"Lepra";"2021";"Success";"Success Lepra 2021 : 2  rows, 4  columns"
"Lepra";"2022";"Success";"Success Lepra 2022 : 2  rows, 4  columns"
"Leptospirosis";"2009";"Success";"Success Leptospirosis 2009 : 2  rows, 4  columns"
"Leptospirosis";"2010";"Success";"Success Leptospirosis 2010 : 3  rows, 4  columns"
"Leptospirosis";"2011";"Success";"Success Leptospirosis 2011 : 2  rows, 4  columns"
"Leptospirosis";"2012";"Success";"Success Leptospirosis 2012 : 3  rows, 4  columns"
"Leptospirosis";"2013";"Success";"Success Leptospirosis 2013 : 2  rows, 4  columns"
"Leptospirosis";"2014";"Success";"Success Leptospirosis 2014 : 2  rows, 4  columns"
"Leptospirosis";"2015";"Success";"Success Leptospirosis 2015 : 2  rows, 4  columns"
"Leptospirosis";"2016";"Success";"Success Leptospirosis 2016 : 2  rows, 4  columns"
"Leptospirosis";"2017";"Success";"Success Leptospirosis 2017 : 2  rows, 4  columns"
"Leptospirosis";"2018";"Success";"Success Leptospirosis 2018 : 2  rows, 4  columns"
"Leptospirosis";"2019";"Success";"Success Leptospirosis 2019 : 2  rows, 4  columns"
"Leptospirosis";"2020";"Success";"Success Leptospirosis 2020 : 2  rows, 4  columns"
"Leptospirosis";"2021";"Success";"Success Leptospirosis 2021 : 2  rows, 4  columns"
"Leptospirosis";"2022";"Success";"Success Leptospirosis 2022 : 2  rows, 4  columns"
"Lesiones Por Pólvora Y Explosivos";"2009";"Success";"Success Lesiones Por Pólvora Y Explosivos 2009 : 2  rows, 4  columns"
"Lesiones Por Pólvora Y Explosivos";"2010";"Success";"Success Lesiones Por Pólvora Y Explosivos 2010 : 2  rows, 4  columns"
"Lesiones Por Pólvora Y Explosivos";"2011";"Success";"Success Lesiones Por Pólvora Y Explosivos 2011 : 2  rows, 4  columns"
"Lesiones Por Pólvora Y Explosivos";"2012";"Success";"Success Lesiones Por Pólvora Y Explosivos 2012 : 2  rows, 4  columns"
"Lesiones Por Pólvora Y Explosivos";"2013";"Success";"Success Lesiones Por Pólvora Y Explosivos 2013 : 2  rows, 4  columns"
"Lesiones Por Pólvora Y Explosivos";"2014";"Success";"Success Lesiones Por Pólvora Y Explosivos 2014 : 2  rows, 4  columns"
"Leucemia Aguda Pediátrica Linfoide";"2009";"Success";"Success Leucemia Aguda Pediátrica Linfoide 2009 : 2  rows, 4  columns"
"Leucemia Aguda Pediátrica Linfoide";"2010";"Success";"Success Leucemia Aguda Pediátrica Linfoide 2010 : 2  rows, 4  columns"
"Leucemia Aguda Pediátrica Linfoide";"2011";"Success";"Success Leucemia Aguda Pediátrica Linfoide 2011 : 2  rows, 4  columns"
"Leucemia Aguda Pediátrica Linfoide";"2012";"Success";"Success Leucemia Aguda Pediátrica Linfoide 2012 : 2  rows, 4  columns"
"Leucemia Aguda Pediátrica Linfoide";"2013";"Success";"Success Leucemia Aguda Pediátrica Linfoide 2013 : 2  rows, 4  columns"
"Leucemia Aguda Pediátrica Linfoide";"2014";"Success";"Success Leucemia Aguda Pediátrica Linfoide 2014 : 2  rows, 4  columns"
"Leucemia Aguda Pediátrica Linfoide";"2015";"Success";"Success Leucemia Aguda Pediátrica Linfoide 2015 : 3  rows, 4  columns"
"Leucemia Aguda Pediátrica Linfoide";"2016";"Success";"Success Leucemia Aguda Pediátrica Linfoide 2016 : 2  rows, 4  columns"
"Leucemia Aguda Pediátrica Linfoide";"2017";"Success";"Success Leucemia Aguda Pediátrica Linfoide 2017 : 3  rows, 4  columns"
"Leucemia Aguda Pediátrica Linfoide";"2018";"Success";"Success Leucemia Aguda Pediátrica Linfoide 2018 : 3  rows, 4  columns"
"Leucemia Aguda Pediátrica Linfoide";"2019";"Success";"Success Leucemia Aguda Pediátrica Linfoide 2019 : 3  rows, 4  columns"
"Leucemia Aguda Pediátrica Linfoide";"2020";"Success";"Success Leucemia Aguda Pediátrica Linfoide 2020 : 3  rows, 4  columns"
"Leucemia Aguda Pediátrica Linfoide";"2021";"Success";"Success Leucemia Aguda Pediátrica Linfoide 2021 : 3  rows, 4  columns"
"Leucemia Aguda Pediátrica Linfoide";"2022";"Success";"Success Leucemia Aguda Pediátrica Linfoide 2022 : 3  rows, 4  columns"
"Leucemia Aguda Pediátrica Mieloide";"2009";"Success";"Success Leucemia Aguda Pediátrica Mieloide 2009 : 2  rows, 4  columns"
"Leucemia Aguda Pediátrica Mieloide";"2010";"Success";"Success Leucemia Aguda Pediátrica Mieloide 2010 : 2  rows, 4  columns"
"Leucemia Aguda Pediátrica Mieloide";"2011";"Success";"Success Leucemia Aguda Pediátrica Mieloide 2011 : 2  rows, 4  columns"
"Leucemia Aguda Pediátrica Mieloide";"2012";"Success";"Success Leucemia Aguda Pediátrica Mieloide 2012 : 2  rows, 4  columns"
"Leucemia Aguda Pediátrica Mieloide";"2013";"Success";"Success Leucemia Aguda Pediátrica Mieloide 2013 : 2  rows, 4  columns"
"Leucemia Aguda Pediátrica Mieloide";"2014";"Success";"Success Leucemia Aguda Pediátrica Mieloide 2014 : 1  rows, 4  columns"
"Leucemia Aguda Pediátrica Mieloide";"2015";"Success";"Success Leucemia Aguda Pediátrica Mieloide 2015 : 3  rows, 4  columns"
"Leucemia Aguda Pediátrica Mieloide";"2016";"Success";"Success Leucemia Aguda Pediátrica Mieloide 2016 : 2  rows, 4  columns"
"Leucemia Aguda Pediátrica Mieloide";"2017";"Success";"Success Leucemia Aguda Pediátrica Mieloide 2017 : 3  rows, 4  columns"
"Leucemia Aguda Pediátrica Mieloide";"2018";"Success";"Success Leucemia Aguda Pediátrica Mieloide 2018 : 2  rows, 4  columns"
"Leucemia Aguda Pediátrica Mieloide";"2019";"Success";"Success Leucemia Aguda Pediátrica Mieloide 2019 : 2  rows, 4  columns"
"Leucemia Aguda Pediátrica Mieloide";"2020";"Success";"Success Leucemia Aguda Pediátrica Mieloide 2020 : 3  rows, 4  columns"
"Leucemia Aguda Pediátrica Mieloide";"2021";"Success";"Success Leucemia Aguda Pediátrica Mieloide 2021 : 3  rows, 4  columns"
"Leucemia Aguda Pediátrica Mieloide";"2022";"Success";"Success Leucemia Aguda Pediátrica Mieloide 2022 : 3  rows, 4  columns"
"Malaria Complicada";"2009";"Success";"Success Malaria Complicada 2009 : 2  rows, 4  columns"
"Malaria Complicada";"2010";"Success";"Success Malaria Complicada 2010 : 2  rows, 4  columns"
"Malaria Complicada";"2011";"Success";"Success Malaria Complicada 2011 : 2  rows, 4  columns"
"Malaria Complicada";"2012";"Success";"Success Malaria Complicada 2012 : 2  rows, 4  columns"
"Malaria Complicada";"2013";"Success";"Success Malaria Complicada 2013 : 2  rows, 4  columns"
"Malaria Complicada";"2014";"Success";"Success Malaria Complicada 2014 : 2  rows, 4  columns"
"Malaria Complicada";"2015";"Success";"Success Malaria Complicada 2015 : 2  rows, 4  columns"
"Malaria Complicada";"2016";"Success";"Success Malaria Complicada 2016 : 2  rows, 4  columns"
"Malaria Complicada";"2017";"Success";"Success Malaria Complicada 2017 : 2  rows, 4  columns"
"Malaria Complicada";"2018";"Success";"Success Malaria Complicada 2018 : 2  rows, 4  columns"
"Malaria Complicada";"2019";"Success";"Success Malaria Complicada 2019 : 2  rows, 4  columns"
"Malaria Complicada";"2020";"Success";"Success Malaria Complicada 2020 : 2  rows, 4  columns"
"Malaria Complicada";"2021";"Success";"Success Malaria Complicada 2021 : 2  rows, 4  columns"
"Malaria Complicada";"2022";"Success";"Success Malaria Complicada 2022 : 2  rows, 4  columns"
"Malaria Falciparum";"2009";"Success";"Success Malaria Falciparum 2009 : 2  rows, 4  columns"
"Malaria Falciparum";"2010";"Success";"Success Malaria Falciparum 2010 : 2  rows, 4  columns"
"Malaria Falciparum";"2011";"Success";"Success Malaria Falciparum 2011 : 4  rows, 4  columns"
"Malaria Falciparum";"2012";"Success";"Success Malaria Falciparum 2012 : 3  rows, 4  columns"
"Malaria Falciparum";"2013";"Success";"Success Malaria Falciparum 2013 : 3  rows, 4  columns"
"Malaria Falciparum";"2014";"Success";"Success Malaria Falciparum 2014 : 2  rows, 4  columns"
"Malaria Falciparum";"2015";"Success";"Success Malaria Falciparum 2015 : 2  rows, 4  columns"
"Malaria Falciparum";"2016";"Success";"Success Malaria Falciparum 2016 : 2  rows, 4  columns"
"Malaria Falciparum";"2017";"Success";"Success Malaria Falciparum 2017 : 2  rows, 4  columns"
"Malaria Falciparum";"2018";"Success";"Success Malaria Falciparum 2018 : 2  rows, 4  columns"
"Malaria Falciparum";"2019";"Success";"Success Malaria Falciparum 2019 : 2  rows, 4  columns"
"Malaria Falciparum";"2020";"Success";"Success Malaria Falciparum 2020 : 2  rows, 4  columns"
"Malaria Falciparum";"2021";"Success";"Success Malaria Falciparum 2021 : 2  rows, 4  columns"
"Malaria Falciparum";"2022";"Success";"Success Malaria Falciparum 2022 : 2  rows, 4  columns"
"Malaria Vivax";"2009";"Success";"Success Malaria Vivax 2009 : 2  rows, 4  columns"
"Malaria Vivax";"2010";"Success";"Success Malaria Vivax 2010 : 2  rows, 4  columns"
"Malaria Vivax";"2011";"Success";"Success Malaria Vivax 2011 : 3  rows, 4  columns"
"Malaria Vivax";"2012";"Success";"Success Malaria Vivax 2012 : 4  rows, 4  columns"
"Malaria Vivax";"2013";"Success";"Success Malaria Vivax 2013 : 3  rows, 4  columns"
"Malaria Vivax";"2014";"Success";"Success Malaria Vivax 2014 : 2  rows, 4  columns"
"Malaria Vivax";"2015";"Success";"Success Malaria Vivax 2015 : 2  rows, 4  columns"
"Malaria Vivax";"2016";"Success";"Success Malaria Vivax 2016 : 2  rows, 4  columns"
"Malaria Vivax";"2017";"Success";"Success Malaria Vivax 2017 : 2  rows, 4  columns"
"Malaria Vivax";"2018";"Success";"Success Malaria Vivax 2018 : 2  rows, 4  columns"
"Malaria Vivax";"2019";"Success";"Success Malaria Vivax 2019 : 2  rows, 4  columns"
"Malaria Vivax";"2020";"Success";"Success Malaria Vivax 2020 : 2  rows, 4  columns"
"Malaria Vivax";"2021";"Success";"Success Malaria Vivax 2021 : 2  rows, 4  columns"
"Malaria Vivax";"2022";"Success";"Success Malaria Vivax 2022 : 2  rows, 4  columns"
"Meningitis Bacteriana Y Enfermedad Meningocócica";"2009";"Success";"Success Meningitis Bacteriana Y Enfermedad Meningocócica 2009 : 2  rows, 4  columns"
"Meningitis Bacteriana Y Enfermedad Meningocócica";"2010";"Success";"Success Meningitis Bacteriana Y Enfermedad Meningocócica 2010 : 2  rows, 4  columns"
"Meningitis Bacteriana Y Enfermedad Meningocócica";"2011";"Success";"Success Meningitis Bacteriana Y Enfermedad Meningocócica 2011 : 2  rows, 4  columns"
"Meningitis Bacteriana Y Enfermedad Meningocócica";"2012";"Success";"Success Meningitis Bacteriana Y Enfermedad Meningocócica 2012 : 2  rows, 4  columns"
"Meningitis Bacteriana Y Enfermedad Meningocócica";"2013";"Success";"Success Meningitis Bacteriana Y Enfermedad Meningocócica 2013 : 2  rows, 4  columns"
"Meningitis Bacteriana Y Enfermedad Meningocócica";"2015";"Success";"Success Meningitis Bacteriana Y Enfermedad Meningocócica 2015 : 2  rows, 4  columns"
"Meningitis Bacteriana Y Enfermedad Meningocócica";"2016";"Success";"Success Meningitis Bacteriana Y Enfermedad Meningocócica 2016 : 2  rows, 4  columns"
"Meningitis Bacteriana Y Enfermedad Meningocócica";"2017";"Success";"Success Meningitis Bacteriana Y Enfermedad Meningocócica 2017 : 2  rows, 4  columns"
"Meningitis Bacteriana Y Enfermedad Meningocócica";"2018";"Success";"Success Meningitis Bacteriana Y Enfermedad Meningocócica 2018 : 2  rows, 4  columns"
"Meningitis Bacteriana Y Enfermedad Meningocócica";"2019";"Success";"Success Meningitis Bacteriana Y Enfermedad Meningocócica 2019 : 1  rows, 4  columns"
"Meningitis Bacteriana Y Enfermedad Meningocócica";"2020";"Success";"Success Meningitis Bacteriana Y Enfermedad Meningocócica 2020 : 2  rows, 4  columns"
"Meningitis Bacteriana Y Enfermedad Meningocócica";"2021";"Success";"Success Meningitis Bacteriana Y Enfermedad Meningocócica 2021 : 2  rows, 4  columns"
"Meningitis Bacteriana Y Enfermedad Meningocócica";"2022";"Success";"Success Meningitis Bacteriana Y Enfermedad Meningocócica 2022 : 2  rows, 4  columns"
"Meningitis Meningocócica";"2009";"Success";"Success Meningitis Meningocócica 2009 : 2  rows, 4  columns"
"Meningitis Meningocócica";"2010";"Success";"Success Meningitis Meningocócica 2010 : 3  rows, 4  columns"
"Meningitis Meningocócica";"2011";"Success";"Success Meningitis Meningocócica 2011 : 2  rows, 4  columns"
"Meningitis Meningocócica";"2012";"Success";"Success Meningitis Meningocócica 2012 : 3  rows, 4  columns"
"Meningitis Meningocócica";"2013";"Success";"Success Meningitis Meningocócica 2013 : 2  rows, 4  columns"
"Meningitis Meningocócica";"2014";"Success";"Success Meningitis Meningocócica 2014 : 2  rows, 4  columns"
"Meningitis Meningocócica";"2015";"Success";"Success Meningitis Meningocócica 2015 : 2  rows, 4  columns"
"Meningitis Meningocócica";"2016";"Success";"Success Meningitis Meningocócica 2016 : 2  rows, 4  columns"
"Meningitis Meningocócica";"2017";"Success";"Success Meningitis Meningocócica 2017 : 2  rows, 4  columns"
"Meningitis Meningocócica";"2018";"Success";"Success Meningitis Meningocócica 2018 : 2  rows, 4  columns"
"Meningitis Meningocócica";"2019";"Success";"Success Meningitis Meningocócica 2019 : 2  rows, 4  columns"
"Meningitis Meningocócica";"2020";"Success";"Success Meningitis Meningocócica 2020 : 2  rows, 4  columns"
"Meningitis Meningocócica";"2021";"Success";"Success Meningitis Meningocócica 2021 : 2  rows, 4  columns"
"Meningitis Meningocócica";"2022";"Success";"Success Meningitis Meningocócica 2022 : 2  rows, 4  columns"
"Meningitis Por Haemophilus Influenzae";"2009";"Success";"Success Meningitis Por Haemophilus Influenzae 2009 : 2  rows, 4  columns"
"Meningitis Por Haemophilus Influenzae";"2010";"Success";"Success Meningitis Por Haemophilus Influenzae 2010 : 3  rows, 4  columns"
"Meningitis Por Haemophilus Influenzae";"2011";"Success";"Success Meningitis Por Haemophilus Influenzae 2011 : 2  rows, 4  columns"
"Meningitis Por Haemophilus Influenzae";"2012";"Success";"Success Meningitis Por Haemophilus Influenzae 2012 : 2  rows, 4  columns"
"Meningitis Por Haemophilus Influenzae";"2013";"Success";"Success Meningitis Por Haemophilus Influenzae 2013 : 2  rows, 4  columns"
"Meningitis Por Haemophilus Influenzae";"2014";"Success";"Success Meningitis Por Haemophilus Influenzae 2014 : 2  rows, 4  columns"
"Meningitis Por Haemophilus Influenzae";"2015";"Success";"Success Meningitis Por Haemophilus Influenzae 2015 : 2  rows, 4  columns"
"Meningitis Por Haemophilus Influenzae";"2016";"Success";"Success Meningitis Por Haemophilus Influenzae 2016 : 2  rows, 4  columns"
"Meningitis Por Haemophilus Influenzae";"2017";"Success";"Success Meningitis Por Haemophilus Influenzae 2017 : 2  rows, 4  columns"
"Meningitis Por Haemophilus Influenzae";"2018";"Success";"Success Meningitis Por Haemophilus Influenzae 2018 : 2  rows, 4  columns"
"Meningitis Por Haemophilus Influenzae";"2019";"Success";"Success Meningitis Por Haemophilus Influenzae 2019 : 2  rows, 4  columns"
"Meningitis Por Haemophilus Influenzae";"2020";"Success";"Success Meningitis Por Haemophilus Influenzae 2020 : 2  rows, 4  columns"
"Meningitis Por Haemophilus Influenzae";"2021";"Success";"Success Meningitis Por Haemophilus Influenzae 2021 : 2  rows, 4  columns"
"Meningitis Por Haemophilus Influenzae";"2022";"Success";"Success Meningitis Por Haemophilus Influenzae 2022 : 2  rows, 4  columns"
"Meningitis Por Neumococo";"2009";"Success";"Success Meningitis Por Neumococo 2009 : 2  rows, 4  columns"
"Meningitis Por Neumococo";"2010";"Success";"Success Meningitis Por Neumococo 2010 : 2  rows, 4  columns"
"Meningitis Por Neumococo";"2011";"Success";"Success Meningitis Por Neumococo 2011 : 2  rows, 4  columns"
"Meningitis Por Neumococo";"2012";"Success";"Success Meningitis Por Neumococo 2012 : 3  rows, 4  columns"
"Meningitis Por Neumococo";"2013";"Success";"Success Meningitis Por Neumococo 2013 : 2  rows, 4  columns"
"Meningitis Por Neumococo";"2014";"Success";"Success Meningitis Por Neumococo 2014 : 2  rows, 4  columns"
"Meningitis Por Neumococo";"2015";"Success";"Success Meningitis Por Neumococo 2015 : 2  rows, 4  columns"
"Meningitis Por Neumococo";"2016";"Success";"Success Meningitis Por Neumococo 2016 : 2  rows, 4  columns"
"Meningitis Por Neumococo";"2017";"Success";"Success Meningitis Por Neumococo 2017 : 2  rows, 4  columns"
"Meningitis Por Neumococo";"2018";"Success";"Success Meningitis Por Neumococo 2018 : 2  rows, 4  columns"
"Meningitis Por Neumococo";"2019";"Success";"Success Meningitis Por Neumococo 2019 : 2  rows, 4  columns"
"Meningitis Por Neumococo";"2020";"Success";"Success Meningitis Por Neumococo 2020 : 2  rows, 4  columns"
"Meningitis Por Neumococo";"2021";"Success";"Success Meningitis Por Neumococo 2021 : 2  rows, 4  columns"
"Meningitis Por Neumococo";"2022";"Success";"Success Meningitis Por Neumococo 2022 : 2  rows, 4  columns"
"Meningitis Tuberculosa";"2009";"Success";"Success Meningitis Tuberculosa 2009 : 2  rows, 4  columns"
"Meningitis Tuberculosa";"2010";"Success";"Success Meningitis Tuberculosa 2010 : 2  rows, 4  columns"
"Meningitis Tuberculosa";"2012";"Success";"Success Meningitis Tuberculosa 2012 : 3  rows, 4  columns"
"Meningitis Tuberculosa";"2013";"Success";"Success Meningitis Tuberculosa 2013 : 3  rows, 4  columns"
"Meningitis Tuberculosa";"2014";"Success";"Success Meningitis Tuberculosa 2014 : 2  rows, 4  columns"
"Meningitis Tuberculosa";"2015";"Success";"Success Meningitis Tuberculosa 2015 : 3  rows, 4  columns"
"Meningitis Tuberculosa";"2016";"Success";"Success Meningitis Tuberculosa 2016 : 2  rows, 4  columns"
"Meningitis Tuberculosa";"2017";"Success";"Success Meningitis Tuberculosa 2017 : 2  rows, 4  columns"
"Meningitis Tuberculosa";"2018";"Success";"Success Meningitis Tuberculosa 2018 : 2  rows, 4  columns"
"Meningitis Tuberculosa";"2019";"Success";"Success Meningitis Tuberculosa 2019 : 2  rows, 4  columns"
"Meningitis Tuberculosa";"2020";"Success";"Success Meningitis Tuberculosa 2020 : 2  rows, 4  columns"
"Meningitis Tuberculosa";"2021";"Success";"Success Meningitis Tuberculosa 2021 : 2  rows, 4  columns"
"Meningitis Tuberculosa";"2022";"Success";"Success Meningitis Tuberculosa 2022 : 2  rows, 4  columns"
"Morbilidad Por Eda";"2013";"Success";"Success Morbilidad Por Eda 2013 : 2  rows, 4  columns"
"Morbilidad Por Eda";"2015";"Success";"Success Morbilidad Por Eda 2015 : 2  rows, 4  columns"
"Morbilidad Por Eda";"2016";"Success";"Success Morbilidad Por Eda 2016 : 2  rows, 4  columns"
"Morbilidad Por Eda";"2017";"Success";"Success Morbilidad Por Eda 2017 : 2  rows, 4  columns"
"Morbilidad Por Eda";"2018";"Success";"Success Morbilidad Por Eda 2018 : 2  rows, 4  columns"
"Morbilidad Por Eda";"2021";"Success";"Success Morbilidad Por Eda 2021 : 2  rows, 4  columns"
"Morbilidad Por Eda";"2022";"Success";"Success Morbilidad Por Eda 2022 : 2  rows, 4  columns"
"Morbilidad Por Ira";"2012";"Success";"Success Morbilidad Por Ira 2012 : 2  rows, 4  columns"
"Morbilidad Por Ira";"2013";"Success";"Success Morbilidad Por Ira 2013 : 2  rows, 4  columns"
"Morbilidad Por Ira";"2014";"Success";"Success Morbilidad Por Ira 2014 : 2  rows, 4  columns"
"Morbilidad Por Ira";"2015";"Success";"Success Morbilidad Por Ira 2015 : 2  rows, 4  columns"
"Morbilidad Por Ira";"2016";"Success";"Success Morbilidad Por Ira 2016 : 2  rows, 4  columns"
"Morbilidad Por Ira";"2017";"Success";"Success Morbilidad Por Ira 2017 : 2  rows, 4  columns"
"Morbilidad Por Ira";"2018";"Success";"Success Morbilidad Por Ira 2018 : 2  rows, 4  columns"
"Morbilidad Por Ira";"2019";"Success";"Success Morbilidad Por Ira 2019 : 2  rows, 4  columns"
"Morbilidad Por Ira";"2020";"Success";"Success Morbilidad Por Ira 2020 : 2  rows, 4  columns"
"Morbilidad Por Ira";"2021";"Success";"Success Morbilidad Por Ira 2021 : 2  rows, 4  columns"
"Morbilidad Por Ira";"2022";"Success";"Success Morbilidad Por Ira 2022 : 2  rows, 4  columns"
"Mortalidad Materna";"2009";"Success";"Success Mortalidad Materna 2009 : 1  rows, 4  columns"
"Mortalidad Materna";"2010";"Success";"Success Mortalidad Materna 2010 : 1  rows, 4  columns"
"Mortalidad Materna";"2011";"Success";"Success Mortalidad Materna 2011 : 1  rows, 4  columns"
"Mortalidad Materna";"2012";"Success";"Success Mortalidad Materna 2012 : 1  rows, 4  columns"
"Mortalidad Materna";"2013";"Success";"Success Mortalidad Materna 2013 : 1  rows, 4  columns"
"Mortalidad Materna";"2014";"Success";"Success Mortalidad Materna 2014 : 1  rows, 4  columns"
"Mortalidad Materna";"2015";"Success";"Success Mortalidad Materna 2015 : 1  rows, 4  columns"
"Mortalidad Materna";"2016";"Success";"Success Mortalidad Materna 2016 : 1  rows, 4  columns"
"Mortalidad Materna";"2017";"Success";"Success Mortalidad Materna 2017 : 1  rows, 4  columns"
"Mortalidad Materna";"2018";"Success";"Success Mortalidad Materna 2018 : 1  rows, 4  columns"
"Mortalidad Materna";"2019";"Success";"Success Mortalidad Materna 2019 : 1  rows, 4  columns"
"Mortalidad Materna";"2020";"Success";"Success Mortalidad Materna 2020 : 1  rows, 4  columns"
"Mortalidad Materna";"2021";"Success";"Success Mortalidad Materna 2021 : 1  rows, 4  columns"
"Mortalidad Materna";"2022";"Success";"Success Mortalidad Materna 2022 : 1  rows, 4  columns"
"Mortalidad Perinatal Y Neonatal Tardía";"2007";"Error";"El parametro data_event no debe estar vacio"
"Mortalidad Perinatal Y Neonatal Tardía";"2009";"Success";"Success Mortalidad Perinatal Y Neonatal Tardía 2009 : 3  rows, 4  columns"
"Mortalidad Perinatal Y Neonatal Tardía";"2010";"Success";"Success Mortalidad Perinatal Y Neonatal Tardía 2010 : 3  rows, 4  columns"
"Mortalidad Perinatal Y Neonatal Tardía";"2011";"Success";"Success Mortalidad Perinatal Y Neonatal Tardía 2011 : 3  rows, 4  columns"
"Mortalidad Perinatal Y Neonatal Tardía";"2012";"Success";"Success Mortalidad Perinatal Y Neonatal Tardía 2012 : 1  rows, 4  columns"
"Mortalidad Perinatal Y Neonatal Tardía";"2013";"Success";"Success Mortalidad Perinatal Y Neonatal Tardía 2013 : 1  rows, 4  columns"
"Mortalidad Perinatal Y Neonatal Tardía";"2014";"Success";"Success Mortalidad Perinatal Y Neonatal Tardía 2014 : 2  rows, 4  columns"
"Mortalidad Perinatal Y Neonatal Tardía";"2015";"Success";"Success Mortalidad Perinatal Y Neonatal Tardía 2015 : 1  rows, 4  columns"
"Mortalidad Perinatal Y Neonatal Tardía";"2016";"Success";"Success Mortalidad Perinatal Y Neonatal Tardía 2016 : 2  rows, 4  columns"
"Mortalidad Perinatal Y Neonatal Tardía";"2017";"Success";"Success Mortalidad Perinatal Y Neonatal Tardía 2017 : 1  rows, 4  columns"
"Mortalidad Perinatal Y Neonatal Tardía";"2018";"Success";"Success Mortalidad Perinatal Y Neonatal Tardía 2018 : 1  rows, 4  columns"
"Mortalidad Perinatal Y Neonatal Tardía";"2019";"Success";"Success Mortalidad Perinatal Y Neonatal Tardía 2019 : 1  rows, 4  columns"
"Mortalidad Perinatal Y Neonatal Tardía";"2020";"Success";"Success Mortalidad Perinatal Y Neonatal Tardía 2020 : 1  rows, 4  columns"
"Mortalidad Perinatal Y Neonatal Tardía";"2021";"Success";"Success Mortalidad Perinatal Y Neonatal Tardía 2021 : 1  rows, 4  columns"
"Mortalidad Perinatal Y Neonatal Tardía";"2022";"Success";"Success Mortalidad Perinatal Y Neonatal Tardía 2022 : 1  rows, 4  columns"
"Mortalidad Por Dengue";"2009";"Success";"Success Mortalidad Por Dengue 2009 : 2  rows, 4  columns"
"Mortalidad Por Dengue";"2010";"Success";"Success Mortalidad Por Dengue 2010 : 2  rows, 4  columns"
"Mortalidad Por Dengue";"2011";"Success";"Success Mortalidad Por Dengue 2011 : 2  rows, 4  columns"
"Mortalidad Por Dengue";"2012";"Success";"Success Mortalidad Por Dengue 2012 : 2  rows, 4  columns"
"Mortalidad Por Dengue";"2013";"Success";"Success Mortalidad Por Dengue 2013 : 2  rows, 4  columns"
"Mortalidad Por Dengue";"2014";"Success";"Success Mortalidad Por Dengue 2014 : 2  rows, 4  columns"
"Mortalidad Por Dengue";"2015";"Success";"Success Mortalidad Por Dengue 2015 : 2  rows, 4  columns"
"Mortalidad Por Dengue";"2016";"Success";"Success Mortalidad Por Dengue 2016 : 2  rows, 4  columns"
"Mortalidad Por Dengue";"2017";"Success";"Success Mortalidad Por Dengue 2017 : 2  rows, 4  columns"
"Mortalidad Por Dengue";"2018";"Success";"Success Mortalidad Por Dengue 2018 : 2  rows, 4  columns"
"Mortalidad Por Dengue";"2019";"Success";"Success Mortalidad Por Dengue 2019 : 2  rows, 4  columns"
"Mortalidad Por Dengue";"2020";"Success";"Success Mortalidad Por Dengue 2020 : 2  rows, 4  columns"
"Mortalidad Por Dengue";"2021";"Success";"Success Mortalidad Por Dengue 2021 : 2  rows, 4  columns"
"Mortalidad Por Dengue";"2022";"Success";"Success Mortalidad Por Dengue 2022 : 2  rows, 4  columns"
"Mortalidad Por Desnutrición";"2013";"Success";"Success Mortalidad Por Desnutrición 2013 : 2  rows, 4  columns"
"Mortalidad Por Desnutrición";"2014";"Success";"Success Mortalidad Por Desnutrición 2014 : 2  rows, 4  columns"
"Mortalidad Por Desnutrición";"2015";"Success";"Success Mortalidad Por Desnutrición 2015 : 2  rows, 4  columns"
"Mortalidad Por Desnutrición";"2016";"Success";"Success Mortalidad Por Desnutrición 2016 : 2  rows, 4  columns"
"Mortalidad Por Desnutrición";"2017";"Success";"Success Mortalidad Por Desnutrición 2017 : 2  rows, 4  columns"
"Mortalidad Por Desnutrición";"2018";"Success";"Success Mortalidad Por Desnutrición 2018 : 2  rows, 4  columns"
"Mortalidad Por Desnutrición";"2019";"Success";"Success Mortalidad Por Desnutrición 2019 : 2  rows, 4  columns"
"Mortalidad Por Desnutrición";"2020";"Success";"Success Mortalidad Por Desnutrición 2020 : 2  rows, 4  columns"
"Mortalidad Por Desnutrición";"2021";"Success";"Success Mortalidad Por Desnutrición 2021 : 2  rows, 4  columns"
"Mortalidad Por Desnutrición";"2022";"Success";"Success Mortalidad Por Desnutrición 2022 : 2  rows, 4  columns"
"Mortalidad Por Eda 0-4 Años";"2009";"Success";"Success Mortalidad Por Eda 0-4 Años 2009 : 2  rows, 4  columns"
"Mortalidad Por Eda 0-4 Años";"2010";"Success";"Success Mortalidad Por Eda 0-4 Años 2010 : 2  rows, 4  columns"
"Mortalidad Por Eda 0-4 Años";"2011";"Success";"Success Mortalidad Por Eda 0-4 Años 2011 : 2  rows, 4  columns"
"Mortalidad Por Eda 0-4 Años";"2012";"Success";"Success Mortalidad Por Eda 0-4 Años 2012 : 2  rows, 4  columns"
"Mortalidad Por Eda 0-4 Años";"2013";"Success";"Success Mortalidad Por Eda 0-4 Años 2013 : 2  rows, 4  columns"
"Mortalidad Por Eda 0-4 Años";"2014";"Success";"Success Mortalidad Por Eda 0-4 Años 2014 : 2  rows, 4  columns"
"Mortalidad Por Eda 0-4 Años";"2015";"Success";"Success Mortalidad Por Eda 0-4 Años 2015 : 2  rows, 4  columns"
"Mortalidad Por Eda 0-4 Años";"2016";"Success";"Success Mortalidad Por Eda 0-4 Años 2016 : 2  rows, 4  columns"
"Mortalidad Por Eda 0-4 Años";"2017";"Success";"Success Mortalidad Por Eda 0-4 Años 2017 : 2  rows, 4  columns"
"Mortalidad Por Eda 0-4 Años";"2018";"Success";"Success Mortalidad Por Eda 0-4 Años 2018 : 2  rows, 4  columns"
"Mortalidad Por Eda 0-4 Años";"2019";"Success";"Success Mortalidad Por Eda 0-4 Años 2019 : 2  rows, 4  columns"
"Mortalidad Por Eda 0-4 Años";"2020";"Success";"Success Mortalidad Por Eda 0-4 Años 2020 : 2  rows, 4  columns"
"Mortalidad Por Eda 0-4 Años";"2021";"Success";"Success Mortalidad Por Eda 0-4 Años 2021 : 2  rows, 4  columns"
"Mortalidad Por Eda 0-4 Años";"2022";"Success";"Success Mortalidad Por Eda 0-4 Años 2022 : 2  rows, 4  columns"
"Mortalidad Por Ira";"2009";"Success";"Success Mortalidad Por Ira 2009 : 2  rows, 4  columns"
"Mortalidad Por Ira";"2010";"Success";"Success Mortalidad Por Ira 2010 : 2  rows, 4  columns"
"Mortalidad Por Ira";"2011";"Success";"Success Mortalidad Por Ira 2011 : 2  rows, 4  columns"
"Mortalidad Por Ira";"2012";"Success";"Success Mortalidad Por Ira 2012 : 2  rows, 4  columns"
"Mortalidad Por Ira";"2013";"Success";"Success Mortalidad Por Ira 2013 : 2  rows, 4  columns"
"Mortalidad Por Ira";"2014";"Success";"Success Mortalidad Por Ira 2014 : 2  rows, 4  columns"
"Mortalidad Por Ira";"2015";"Success";"Success Mortalidad Por Ira 2015 : 2  rows, 4  columns"
"Mortalidad Por Ira";"2016";"Success";"Success Mortalidad Por Ira 2016 : 2  rows, 4  columns"
"Mortalidad Por Ira";"2017";"Success";"Success Mortalidad Por Ira 2017 : 2  rows, 4  columns"
"Mortalidad Por Ira";"2018";"Success";"Success Mortalidad Por Ira 2018 : 2  rows, 4  columns"
"Mortalidad Por Ira";"2019";"Success";"Success Mortalidad Por Ira 2019 : 2  rows, 4  columns"
"Mortalidad Por Ira";"2020";"Success";"Success Mortalidad Por Ira 2020 : 2  rows, 4  columns"
"Mortalidad Por Ira";"2021";"Success";"Success Mortalidad Por Ira 2021 : 2  rows, 4  columns"
"Mortalidad Por Ira";"2022";"Success";"Success Mortalidad Por Ira 2022 : 2  rows, 4  columns"
"Parotiditis";"2009";"Success";"Success Parotiditis 2009 : 2  rows, 4  columns"
"Parotiditis";"2010";"Success";"Success Parotiditis 2010 : 3  rows, 4  columns"
"Parotiditis";"2011";"Success";"Success Parotiditis 2011 : 2  rows, 4  columns"
"Parotiditis";"2012";"Success";"Success Parotiditis 2012 : 2  rows, 4  columns"
"Parotiditis";"2013";"Success";"Success Parotiditis 2013 : 2  rows, 4  columns"
"Parotiditis";"2014";"Success";"Success Parotiditis 2014 : 2  rows, 4  columns"
"Parotiditis";"2015";"Success";"Success Parotiditis 2015 : 2  rows, 4  columns"
"Parotiditis";"2016";"Success";"Success Parotiditis 2016 : 2  rows, 4  columns"
"Parotiditis";"2017";"Success";"Success Parotiditis 2017 : 2  rows, 4  columns"
"Parotiditis";"2018";"Success";"Success Parotiditis 2018 : 2  rows, 4  columns"
"Parotiditis";"2019";"Success";"Success Parotiditis 2019 : 2  rows, 4  columns"
"Parotiditis";"2020";"Success";"Success Parotiditis 2020 : 2  rows, 4  columns"
"Parotiditis";"2021";"Success";"Success Parotiditis 2021 : 2  rows, 4  columns"
"Parotiditis";"2022";"Success";"Success Parotiditis 2022 : 2  rows, 4  columns"
"Rabia Humana";"2009";"Success";"Success Rabia Humana 2009 : 1  rows, 4  columns"
"Rabia Humana";"2010";"Success";"Success Rabia Humana 2010 : 2  rows, 4  columns"
"Rabia Humana";"2012";"Success";"Success Rabia Humana 2012 : 1  rows, 4  columns"
"Rabia Humana";"2015";"Success";"Success Rabia Humana 2015 : 1  rows, 4  columns"
"Rabia Humana";"2016";"Success";"Success Rabia Humana 2016 : 1  rows, 4  columns"
"Rabia Humana";"2017";"Success";"Success Rabia Humana 2017 : 1  rows, 4  columns"
"Rabia Humana";"2020";"Success";"Success Rabia Humana 2020 : 1  rows, 4  columns"
"Sarampión";"2011";"Success";"Success Sarampión 2011 : 2  rows, 4  columns"
"Sarampión";"2012";"Success";"Success Sarampión 2012 : 1  rows, 4  columns"
"Sarampión";"2013";"Success";"Success Sarampión 2013 : 1  rows, 4  columns"
"Sarampión";"2015";"Success";"Success Sarampión 2015 : 1  rows, 4  columns"
"Sarampión";"2018";"Success";"Success Sarampión 2018 : 2  rows, 4  columns"
"Sarampión";"2019";"Success";"Success Sarampión 2019 : 2  rows, 4  columns"
"Sarampión";"2020";"Success";"Success Sarampión 2020 : 1  rows, 4  columns"
"Tétanos Accidental";"2009";"Success";"Success Tétanos Accidental 2009 : 1  rows, 4  columns"
"Tétanos Accidental";"2010";"Success";"Success Tétanos Accidental 2010 : 1  rows, 4  columns"
"Tétanos Accidental";"2011";"Success";"Success Tétanos Accidental 2011 : 1  rows, 4  columns"
"Tétanos Accidental";"2012";"Success";"Success Tétanos Accidental 2012 : 2  rows, 4  columns"
"Tétanos Accidental";"2013";"Success";"Success Tétanos Accidental 2013 : 2  rows, 4  columns"
"Tétanos Accidental";"2014";"Success";"Success Tétanos Accidental 2014 : 2  rows, 4  columns"
"Tétanos Accidental";"2015";"Success";"Success Tétanos Accidental 2015 : 2  rows, 4  columns"
"Tétanos Accidental";"2016";"Success";"Success Tétanos Accidental 2016 : 2  rows, 4  columns"
"Tétanos Accidental";"2017";"Success";"Success Tétanos Accidental 2017 : 2  rows, 4  columns"
"Tétanos Accidental";"2018";"Success";"Success Tétanos Accidental 2018 : 2  rows, 4  columns"
"Tétanos Accidental";"2019";"Success";"Success Tétanos Accidental 2019 : 2  rows, 4  columns"
"Tétanos Accidental";"2020";"Success";"Success Tétanos Accidental 2020 : 2  rows, 4  columns"
"Tétanos Accidental";"2021";"Success";"Success Tétanos Accidental 2021 : 2  rows, 4  columns"
"Tétanos Accidental";"2022";"Success";"Success Tétanos Accidental 2022 : 2  rows, 4  columns"
"Tétanos Neonatal";"2009";"Success";"Success Tétanos Neonatal 2009 : 1  rows, 4  columns"
"Tétanos Neonatal";"2010";"Success";"Success Tétanos Neonatal 2010 : 1  rows, 4  columns"
"Tétanos Neonatal";"2012";"Success";"Success Tétanos Neonatal 2012 : 2  rows, 4  columns"
"Tétanos Neonatal";"2014";"Success";"Success Tétanos Neonatal 2014 : 2  rows, 4  columns"
"Tétanos Neonatal";"2015";"Success";"Success Tétanos Neonatal 2015 : 2  rows, 4  columns"
"Tétanos Neonatal";"2016";"Success";"Success Tétanos Neonatal 2016 : 2  rows, 4  columns"
"Tétanos Neonatal";"2017";"Success";"Success Tétanos Neonatal 2017 : 2  rows, 4  columns"
"Tétanos Neonatal";"2018";"Success";"Success Tétanos Neonatal 2018 : 2  rows, 4  columns"
"Tétanos Neonatal";"2019";"Success";"Success Tétanos Neonatal 2019 : 2  rows, 4  columns"
"Tétanos Neonatal";"2020";"Success";"Success Tétanos Neonatal 2020 : 2  rows, 4  columns"
"Tétanos Neonatal";"2021";"Success";"Success Tétanos Neonatal 2021 : 1  rows, 4  columns"
"Tétanos Neonatal";"2022";"Success";"Success Tétanos Neonatal 2022 : 2  rows, 4  columns"
"Tos Ferina";"2009";"Success";"Success Tos Ferina 2009 : 3  rows, 4  columns"
"Tos Ferina";"2010";"Success";"Success Tos Ferina 2010 : 2  rows, 4  columns"
"Tos Ferina";"2011";"Success";"Success Tos Ferina 2011 : 3  rows, 4  columns"
"Tos Ferina";"2012";"Success";"Success Tos Ferina 2012 : 3  rows, 4  columns"
"Tos Ferina";"2013";"Success";"Success Tos Ferina 2013 : 2  rows, 4  columns"
"Tos Ferina";"2014";"Success";"Success Tos Ferina 2014 : 2  rows, 4  columns"
"Tos Ferina";"2015";"Success";"Success Tos Ferina 2015 : 2  rows, 4  columns"
"Tos Ferina";"2016";"Success";"Success Tos Ferina 2016 : 2  rows, 4  columns"
"Tos Ferina";"2017";"Success";"Success Tos Ferina 2017 : 2  rows, 4  columns"
"Tos Ferina";"2018";"Success";"Success Tos Ferina 2018 : 2  rows, 4  columns"
"Tos Ferina";"2019";"Success";"Success Tos Ferina 2019 : 2  rows, 4  columns"
"Tos Ferina";"2020";"Success";"Success Tos Ferina 2020 : 2  rows, 4  columns"
"Tos Ferina";"2021";"Success";"Success Tos Ferina 2021 : 2  rows, 4  columns"
"Tos Ferina";"2022";"Success";"Success Tos Ferina 2022 : 2  rows, 4  columns"
"Tracoma";"2017";"Success";"Success Tracoma 2017 : 2  rows, 4  columns"
"Tracoma";"2018";"Success";"Success Tracoma 2018 : 2  rows, 4  columns"
"Tracoma";"2019";"Success";"Success Tracoma 2019 : 2  rows, 4  columns"
"Tracoma";"2022";"Success";"Success Tracoma 2022 : 2  rows, 4  columns"
"Tuberculosis Extra Pulmonar";"2009";"Success";"Success Tuberculosis Extra Pulmonar 2009 : 2  rows, 4  columns"
"Tuberculosis Extra Pulmonar";"2010";"Success";"Success Tuberculosis Extra Pulmonar 2010 : 2  rows, 4  columns"
"Tuberculosis Extra Pulmonar";"2011";"Success";"Success Tuberculosis Extra Pulmonar 2011 : 2  rows, 4  columns"
"Tuberculosis Extra Pulmonar";"2012";"Success";"Success Tuberculosis Extra Pulmonar 2012 : 3  rows, 4  columns"
"Tuberculosis Extra Pulmonar";"2013";"Success";"Success Tuberculosis Extra Pulmonar 2013 : 3  rows, 4  columns"
"Tuberculosis Extra Pulmonar";"2014";"Success";"Success Tuberculosis Extra Pulmonar 2014 : 2  rows, 4  columns"
"Tuberculosis Extra Pulmonar";"2015";"Success";"Success Tuberculosis Extra Pulmonar 2015 : 2  rows, 4  columns"
"Tuberculosis Extra Pulmonar";"2016";"Success";"Success Tuberculosis Extra Pulmonar 2016 : 2  rows, 4  columns"
"Tuberculosis Extra Pulmonar";"2017";"Success";"Success Tuberculosis Extra Pulmonar 2017 : 2  rows, 4  columns"
"Tuberculosis Extra Pulmonar";"2018";"Success";"Success Tuberculosis Extra Pulmonar 2018 : 2  rows, 4  columns"
"Tuberculosis Extra Pulmonar";"2019";"Success";"Success Tuberculosis Extra Pulmonar 2019 : 2  rows, 4  columns"
"Tuberculosis Extra Pulmonar";"2020";"Success";"Success Tuberculosis Extra Pulmonar 2020 : 2  rows, 4  columns"
"Tuberculosis Extra Pulmonar";"2021";"Success";"Success Tuberculosis Extra Pulmonar 2021 : 2  rows, 4  columns"
"Tuberculosis Extra Pulmonar";"2022";"Success";"Success Tuberculosis Extra Pulmonar 2022 : 2  rows, 4  columns"
"Tuberculosis Farmacorresistente";"2012";"Success";"Success Tuberculosis Farmacorresistente 2012 : 3  rows, 4  columns"
"Tuberculosis Farmacorresistente";"2013";"Success";"Success Tuberculosis Farmacorresistente 2013 : 2  rows, 4  columns"
"Tuberculosis Farmacorresistente";"2014";"Success";"Success Tuberculosis Farmacorresistente 2014 : 2  rows, 4  columns"
"Tuberculosis Farmacorresistente";"2015";"Success";"Success Tuberculosis Farmacorresistente 2015 : 3  rows, 4  columns"
"Tuberculosis Farmacorresistente";"2016";"Success";"Success Tuberculosis Farmacorresistente 2016 : 2  rows, 4  columns"
"Tuberculosis Farmacorresistente";"2017";"Success";"Success Tuberculosis Farmacorresistente 2017 : 2  rows, 4  columns"
"Tuberculosis Farmacorresistente";"2018";"Success";"Success Tuberculosis Farmacorresistente 2018 : 2  rows, 4  columns"
"Tuberculosis Farmacorresistente";"2019";"Success";"Success Tuberculosis Farmacorresistente 2019 : 2  rows, 4  columns"
"Tuberculosis Farmacorresistente";"2020";"Success";"Success Tuberculosis Farmacorresistente 2020 : 2  rows, 4  columns"
"Tuberculosis Farmacorresistente";"2021";"Success";"Success Tuberculosis Farmacorresistente 2021 : 2  rows, 4  columns"
"Tuberculosis Farmacorresistente";"2022";"Success";"Success Tuberculosis Farmacorresistente 2022 : 2  rows, 4  columns"
"Tuberculosis Pulmonar";"2010";"Success";"Success Tuberculosis Pulmonar 2010 : 2  rows, 4  columns"
"Tuberculosis Pulmonar";"2011";"Success";"Success Tuberculosis Pulmonar 2011 : 2  rows, 4  columns"
"Tuberculosis Pulmonar";"2012";"Success";"Success Tuberculosis Pulmonar 2012 : 3  rows, 4  columns"
"Tuberculosis Pulmonar";"2013";"Success";"Success Tuberculosis Pulmonar 2013 : 3  rows, 4  columns"
"Tuberculosis Pulmonar";"2014";"Success";"Success Tuberculosis Pulmonar 2014 : 2  rows, 4  columns"
"Tuberculosis Pulmonar";"2015";"Success";"Success Tuberculosis Pulmonar 2015 : 3  rows, 4  columns"
"Tuberculosis Pulmonar";"2016";"Success";"Success Tuberculosis Pulmonar 2016 : 2  rows, 4  columns"
"Tuberculosis Pulmonar";"2017";"Success";"Success Tuberculosis Pulmonar 2017 : 3  rows, 4  columns"
"Tuberculosis Pulmonar";"2018";"Success";"Success Tuberculosis Pulmonar 2018 : 3  rows, 4  columns"
"Tuberculosis Pulmonar";"2019";"Success";"Success Tuberculosis Pulmonar 2019 : 2  rows, 4  columns"
"Tuberculosis Pulmonar";"2020";"Success";"Success Tuberculosis Pulmonar 2020 : 3  rows, 4  columns"
"Tuberculosis Pulmonar";"2021";"Success";"Success Tuberculosis Pulmonar 2021 : 2  rows, 4  columns"
"Tuberculosis Pulmonar";"2022";"Success";"Success Tuberculosis Pulmonar 2022 : 2  rows, 4  columns"
"Varicela Individual";"2011";"Success";"Success Varicela Individual 2011 : 2  rows, 4  columns"
"Varicela Individual";"2012";"Success";"Success Varicela Individual 2012 : 3  rows, 4  columns"
"Varicela Individual";"2013";"Success";"Success Varicela Individual 2013 : 3  rows, 4  columns"
"Varicela Individual";"2014";"Success";"Success Varicela Individual 2014 : 2  rows, 4  columns"
"Varicela Individual";"2015";"Success";"Success Varicela Individual 2015 : 2  rows, 4  columns"
"Varicela Individual";"2016";"Success";"Success Varicela Individual 2016 : 2  rows, 4  columns"
"Varicela Individual";"2017";"Success";"Success Varicela Individual 2017 : 2  rows, 4  columns"
"Varicela Individual";"2018";"Success";"Success Varicela Individual 2018 : 2  rows, 4  columns"
"Varicela Individual";"2019";"Success";"Success Varicela Individual 2019 : 2  rows, 4  columns"
"Varicela Individual";"2020";"Success";"Success Varicela Individual 2020 : 2  rows, 4  columns"
"Varicela Individual";"2021";"Success";"Success Varicela Individual 2021 : 2  rows, 4  columns"
"Varicela Individual";"2022";"Success";"Success Varicela Individual 2022 : 2  rows, 4  columns"
"Vigilancia En Salud Pública De La Violencia De Género E Intrafamiliar";"2012";"Success";"Success Vigilancia En Salud Pública De La Violencia De Género E Intrafamiliar 2012 : 3  rows, 4  columns"
"Vigilancia En Salud Pública De La Violencia De Género E Intrafamiliar";"2013";"Success";"Success Vigilancia En Salud Pública De La Violencia De Género E Intrafamiliar 2013 : 3  rows, 4  columns"
"Vigilancia En Salud Pública De La Violencia De Género E Intrafamiliar";"2014";"Success";"Success Vigilancia En Salud Pública De La Violencia De Género E Intrafamiliar 2014 : 3  rows, 4  columns"
"Vigilancia En Salud Pública De La Violencia De Género E Intrafamiliar";"2015";"Success";"Success Vigilancia En Salud Pública De La Violencia De Género E Intrafamiliar 2015 : 3  rows, 4  columns"
"Vigilancia En Salud Pública De La Violencia De Género E Intrafamiliar";"2016";"Success";"Success Vigilancia En Salud Pública De La Violencia De Género E Intrafamiliar 2016 : 3  rows, 4  columns"
"Vigilancia En Salud Pública De La Violencia De Género E Intrafamiliar";"2017";"Success";"Success Vigilancia En Salud Pública De La Violencia De Género E Intrafamiliar 2017 : 3  rows, 4  columns"
"Vigilancia En Salud Pública De La Violencia De Género E Intrafamiliar";"2018";"Success";"Success Vigilancia En Salud Pública De La Violencia De Género E Intrafamiliar 2018 : 3  rows, 4  columns"
"Vigilancia En Salud Pública De La Violencia De Género E Intrafamiliar";"2019";"Success";"Success Vigilancia En Salud Pública De La Violencia De Género E Intrafamiliar 2019 : 3  rows, 4  columns"
"Vigilancia En Salud Pública De La Violencia De Género E Intrafamiliar";"2020";"Success";"Success Vigilancia En Salud Pública De La Violencia De Género E Intrafamiliar 2020 : 3  rows, 4  columns"
"Vigilancia En Salud Pública De La Violencia De Género E Intrafamiliar";"2021";"Success";"Success Vigilancia En Salud Pública De La Violencia De Género E Intrafamiliar 2021 : 2  rows, 4  columns"
"Vigilancia En Salud Pública De La Violencia De Género E Intrafamiliar";"2022";"Success";"Success Vigilancia En Salud Pública De La Violencia De Género E Intrafamiliar 2022 : 3  rows, 4  columns"